Round,SecondsIntoRound,SecondsLastRoundAction,cmTotHitsR-X1,cmTotHitsL-X1,cmTotHitsM-X1,Hits-Recvd-X1,Hits-Lnd-X1,Hits-Mssd-X1,cmTotHitsR-X2,cmTotHitsL-X2,cmTotHitsM-X2,Hits-Recvd-X2,Hits-Lnd-X2,Hits-Mssd-X2,Time,FighterActionReactions.X1,FightersActionsReactions.X2,Notes
1,,,,,,,,,,,,,,,5:00,,,Pennington
1,,,,,,,,,,,,,,,4:59,,,Pennington
1,,,,,,,,,,,,,,,4:58,,,Pennington
1,,,,,,,,,,,,,,,4:57,,,Pennington
1,,,,,,,,,,,,,,,4:56,,,Pennington
1,,,,,,,,,,,,,,,4:55,,,Pennington
1,,,,,,,,,,,,,,,4:54,,,Pennington
1,,,,,,,,,,,,,,,4:53,,,Pennington
1,,,,,,,,,,,,,,,4:52,,,Pennington
1,,,,,,,,,,,,,,,4:51,,,Pennington
1,,,,,,,,,,,,,,,4:50,,,Pennington
1,,,,,,,,,,,,,,,4:49,,,Pennington
1,,,,,,,,,,,,,,,4:48,,,Pennington
1,,,,,,,,,,,,,,,4:47,,,Pennington
1,,,,,,,,,,,,,,,4:46,,,Pennington
1,,,,,,,,,,,,,,,4:45,,,Pennington
1,,,,,,,,,,,,,,,4:44,,,Pennington
1,,,,,,,,,,,,,,,4:43,,,Pennington
1,,,,,,,,,,,,,,,4:42,,,Pennington
1,,,,,,,,,,,,,,,4:41,,,Pennington
1,,,,,,,,,,,,,,,4:40,,,Pennington
1,,,,,,,,,,,,,,,4:39,,,Pennington
1,,,,,,,,,,,,,,,4:38,,,Pennington
1,,,,,,,,,,,,,,,4:37,misses R mt kick to low L lead leg,falls avoiding the kick,Pennington
1,,,,,,,,,,,,,,,4:36,,,Pennington
1,,,,,,,,,,,,,,,4:35,,,Pennington
1,,,,,,,,,,,,,,,4:34,,,Pennington
1,,,,,,,,,,,,,,,4:33,,,Pennington
1,,,,,,,,,,,,,,,4:32,,,Pennington
1,,,,,,,,,,,,,,,4:31,,,Pennington
1,,,,,,,,,,,,,,,4:30,,,Pennington
1,,,,,,,,,,,,,,,4:29,,,Pennington
1,,,,,,,,,,,,,,,4:28,,,Pennington
1,,,,,,,,,,,,,,,4:27,,,Pennington
1,,,,,,,,,,,,,,,4:26,,,Pennington
1,,,,,,,,,,,,,,,4:25,misses R cross,,Pennington
1,,,,,,,,,,,,,,,4:24,,,Pennington
1,,,,,,,,,,,,,,,4:23,,,Pennington
1,,,,,,,,,,,,,,,4:22,misses R mt kick to low L lead leg,blocks with L hand kick,Pennington
1,,,,,,,,,,,,,,,4:21,,,Pennington
1,,,,,,,,,,,,,,,4:20,,,Pennington
1,,,,,,,,,,,,,,,4:19,misses R mt kick to low L lead leg,lifts L leg to avoid kick,Pennington
1,,,,,,,,,,,,,,,4:18,,,Pennington
1,,,,,,,,,,,,,,,4:17,,,Pennington
1,,,,,,,,,,,,,,,4:16,,,Pennington
1,,,,,,,,,,,,,,,4:15,,,Pennington
1,,,,,,,,,,,,,,,4:14,misses R mt kick to low L lead leg,jumps back to avoid kick,Pennington
1,,,,,,,,,,,,,,,4:13,,,Pennington
1,,,,,,,,,,,,,,,4:12,,,Pennington
1,,,,,,,,,,,,,,,4:11,,,Pennington
1,,,,,,,,,,,,,,,4:10,,,Pennington
1,,,,,,,,,,,,,,,4:09,,,Pennington
1,,,,,,,,,,,,,,,4:08,,,Pennington
1,,,,,,,,,,,,,,,4:07,,,Pennington
1,,,,,,,,,,,,,,,4:06,,,Pennington
1,,,,,,,,,,,,,,,4:05,,,Pennington
1,,,,,,,,,,,,,,,4:04,,,Pennington
1,,,,,,,,,,,,,,,4:03,,,Pennington
1,,,,,,,,,,,,,,,4:02,,,Pennington
1,,,,,,,,,,,,,,,4:01,,,Pennington
1,,,,,,,,,,,,,,,4:00,misses L jab to face,leans back to avoid jab,Pennington
1,,,,,,,,,,,,,,,3:59,,,Pennington
1,,,,,,,,,,,,,,,3:58,misses R mt kick to low L lead leg,jumps back to avoid kick,Pennington
1,,,,,,,,,,,,,,,3:57,,"stumbles, drops to ground off balance",Pennington
1,,,,,,,,,,,,,,,3:56,,,Pennington
1,,,,,,,,,,,,,,,3:55,,,Pennington
1,,,,,,,,,,,,,,,3:54,feigns L mt kick to inside L lead leg,,Pennington
1,,,,,,,,,,,,,,,3:53,,,Pennington
1,,,,,,,,,,,,,,,3:52,,,Pennington
1,,,,,,,,,,,,,,,3:51,missses R mt kick to low L lead leg,misses R cross,Pennington
1,,,,,,,,,,,,,,,3:50,,,Pennington
1,,,,,,,,,,,,,,,3:49,,,Pennington
1,,,,,,,,,,,,,,,3:48,,,Pennington
1,,,,,,,,,,,,,,,3:47,,,Pennington
1,,,,,,,,,,,,,,,3:46,misses R mt kick to low L lead leg,jumps back to avoid kick,Pennington
1,,,,,,,,,,,,,,,3:45,,,Pennington
1,,,,,,,,,,,,,,,3:44,,,Pennington
1,,,,,,,,,,,,,,,3:43,,,Pennington
1,,,,,,,,,,,,,,,3:42,"lands L jab to body, misses R cross to face",,Pennington
1,,,,,,,,,,,,,,,3:41,,,Pennington
1,,,,,,,,,,,,,,,3:40,,,Pennington
1,,,,,,,,,,,,,,,3:39,misses L jab to body,,Pennington
1,,,,,,,,,,,,,,,3:38,misses R mt kick to low L lead leg,blocks kick with L leg knee raised,Pennington
1,,,,,,,,,,,,,,,3:37,,,Pennington
1,,,,,,,,,,,,,,,3:36,,,Pennington
1,,,,,,,,,,,,,,,3:35,,,Pennington
1,,,,,,,,,,,,,,,3:34,misses R mt kick to low L lead leg,jumps back to avoid kick,Pennington
1,,,,,,,,,,,,,,,3:33,,"misses L jab to face, misses R cross",Pennington
1,,,,,,,,,,,,,,,3:32,,misses L hook to face,Pennington
1,,,,,,,,,,,,,,,3:31,misses R mt kick to low L lead leg,,Pennington
1,,,,,,,,,,,,,,,3:30,,,Pennington
1,,,,,,,,,,,,,,,3:29,,,Pennington
1,,,,,,,,,,,,,,,3:28,,,Pennington
1,,,,,,,,,,,,,,,3:27,,,Pennington
1,,,,,,,,,,,,,,,3:26,misses L jab to body,,Pennington
1,,,,,,,,,,,,,,,3:25,,,Pennington
1,,,,,,,,,,,,,,,3:24,,,Pennington
1,,,,,,,,,,,,,,,3:23,,,Pennington
1,,,,,,,,,,,,,,,3:22,misses R mt kick to low L lead leg,lifts L leg to avoid kick,Pennington
1,,,,,,,,,,,,,,,3:21,"misses L jab to face, misses R cross to face","misses L hook to face, misses R cross to face",Pennington
1,,,,,,,,,,,,,,,3:20,pushes off with R forearm,getting push back on heels,Pennington
1,,,,,,,,,,,,,,,3:19,,,Pennington
1,,,,,,,,,,,,,,,3:18,,,Pennington
1,,,,,,,,,,,,,,,3:17,misses L jab to body,blocks jab with raised L leg,Pennington
1,,,,,,,,,,,,,,,3:16,,,Pennington
1,,,,,,,,,,,,,,,3:15,,,Pennington
1,,,,,,,,,,,,,,,3:14,,,Pennington
1,,,,,,,,,,,,,,,3:13,,,Pennington
1,,,,,,,,,,,,,,,3:12,"lands R mt kick to low L back of knee, misses L jab, misses R cross","blocks L jab, ducks back from R cross",Pennington
1,,,,,,,,,,,,,,,3:11,"blocks L jab by raising L Shoulder, misses R cross to face","misses L jab to face , ducks R cross to face",Pennington
1,,,,,,,,,,,,,,,3:10,pushes Face with R hand and away,attempts body clinch,Pennington
1,,,,,,,,,,,,,,,3:09,,,Pennington
1,,,,,,,,,,,,,,,3:08,,,Pennington
1,,,,,,,,,,,,,,,3:07,,,Pennington
1,,,,,,,,,,,,,,,3:06,,,Pennington
1,,,,,,,,,,,,,,,3:05,,,Pennington
1,,,,,,,,,,,,,,,3:04,misses L jab to body,misses L kick to body,Pennington
1,,,,,,,,,,,,,,,3:03,,,Pennington
1,,,,,,,,,,,,,,,3:02,,,Pennington
1,,,,,,,,,,,,,,,3:01,,,Pennington
1,,,,,,,,,,,,,,,3:00,"misses L jab to body, leans back from R cross to face",misses R cross to face,Pennington
1,,,,,,,,,,,,,,,2:59,misses R cross,ducks R cross,Pennington
1,,,,,,,,,,,,,,,2:58,,misses R cross to face,Pennington
1,,,,,,,,,,,,,,,2:57,,,Pennington
1,,,,,,,,,,,,,,,2:56,,,Pennington
1,,,,,,,,,,,,,,,2:55,misses L jab to face,blocks w L arm,Pennington
1,,,,,,,,,,,,,,,2:54,,,Pennington
1,,,,,,,,,,,,,,,2:53,,,Pennington
1,,,,,,,,,,,,,,,2:52,,,Pennington
1,,,,,,,,,,,,,,,2:51,misses L jab to body,,Pennington
1,,,,,,,,,,,,,,,2:50,,,Pennington
1,,,,,,,,,,,,,,,2:49,,,Pennington
1,,,,,,,,,,,,,,,2:48,misses R cross to face,blocks with L shoulder,Pennington
1,,,,,,,,,,,,,,,2:47,misses L jab to face,blocks with R hand the jab,Pennington
1,,,,,,,,,,,,,,,2:46,,,Pennington
1,,,,,,,,,,,,,,,2:45,,,Pennington
1,,,,,,,,,,,,,,,2:44,ducks ,misses R hook to face,Pennington
1,,,,,,,,,,,,,,,2:43,,,Pennington
1,,,,,,,,,,,,,,,2:42,,,Pennington
1,,,,,,,,,,,,,,,2:41,misses R mt kick to low L lead leg,jumps back to avoid kick,Pennington
1,,,,,,,,,,,,,,,2:40,,,Pennington
1,,,,,,,,,,,,,,,2:39,,,Pennington
1,,,,,,,,,,,,,,,2:38,ducks and clinches waist pushes to cage,"misses L jab, misses R cross to face",Pennington
1,,,,,,,,,,,,,,,2:37,,,Pennington
1,,,,,,,,,,,,,,,2:36,,,Pennington
1,,,,,,,,,,,,,,,2:35,,,Pennington
1,,,,,,,,,,,,,,,2:34,,,Pennington
1,,,,,,,,,,,,,,,2:33,,,Pennington
1,,,,,,,,,,,,,,,2:32,,,Pennington
1,,,,,,,,,,,,,,,2:31,,,Pennington
1,,,,,,,,,,,,,,,2:30,,,Pennington
1,,,,,,,,,,,,,,,2:29,,,Pennington
1,,,,,,,,,,,,,,,2:28,,,Pennington
1,,,,,,,,,,,,,,,2:27,,,Pennington
1,,,,,,,,,,,,,,,2:26,lands R upper to face ,,Pennington
1,,,,,,,,,,,,,,,2:25,misses R cross to face,blocks R cross with L arm against cage,Pennington
1,,,,,,,,,,,,,,,2:24,,,Pennington
1,,,,,,,,,,,,,,,2:23,,,Pennington
1,,,,,,,,,,,,,,,2:22,lands R mt kick to low L back of knee,,Pennington
1,,,,,,,,,,,,,,,2:21,,lands R cross to face,Pennington
1,,,,,,,,,,,,,,,2:20,blocks L hook with R overhead arm,misses L hook to face,Pennington
1,,,,,,,,,,,,,,,2:19,,,Pennington
1,,,,,,,,,,,,,,,2:18,,,Pennington
1,,,,,,,,,,,,,,,2:17,,,Pennington
1,,,,,,,,,,,,,,,2:16,,,Pennington
1,,,,,,,,,,,,,,,2:15,,,Pennington
1,,,,,,,,,,,,,,,2:14,misses R mt kick to low L lead leg,jumps back to avoid kick,Pennington
1,,,,,,,,,,,,,,,2:13,,,Pennington
1,,,,,,,,,,,,,,,2:12,,,Pennington
1,,,,,,,,,,,,,,,2:11,,,Pennington
1,,,,,,,,,,,,,,,2:10,,,Pennington
1,,,,,,,,,,,,,,,2:09,,,Pennington
1,,,,,,,,,,,,,,,2:08,,,Pennington
1,,,,,,,,,,,,,,,2:07,,,Pennington
1,,,,,,,,,,,,,,,2:06,lands R push kick to body,,Pennington
1,,,,,,,,,,,,,,,2:05,"misses L jab, misses R cross to face",,Pennington
1,,,,,,,,,,,,,,,2:04,,,Pennington
1,,,,,,,,,,,,,,,2:03,,,Pennington
1,,,,,,,,,,,,,,,2:02,,,Pennington
1,,,,,,,,,,,,,,,2:01,,,Pennington
1,,,,,,,,,,,,,,,2:00,,lands L knee in clinch control,Pennington
1,,,,,,,,,,,,,,,1:59,,,Pennington
1,,,,,,,,,,,,,,,1:58,,,Pennington
1,,,,,,,,,,,,,,,1:57,,,Pennington
1,,,,,,,,,,,,,,,1:56,misses R push kick to body,jumps back to avoid kick,Pennington
1,,,,,,,,,,,,,,,1:55,,,Pennington
1,,,,,,,,,,,,,,,1:54,misses L jab to face,,Pennington
1,,,,,,,,,,,,,,,1:53,,,Pennington
1,,,,,,,,,,,,,,,1:52,,,Pennington
1,,,,,,,,,,,,,,,1:51,,,Pennington
1,,,,,,,,,,,,,,,1:50,,,Pennington
1,,,,,,,,,,,,,,,1:49,"misses R cross to face, misses R cross to face",ducks R cross,Pennington
1,,,,,,,,,,,,,,,1:48,,,Pennington
1,,,,,,,,,,,,,,,1:47,,,Pennington
1,,,,,,,,,,,,,,,1:46,misses R mt kick to low L lead leg,,Pennington
1,,,,,,,,,,,,,,,1:45,,,Pennington
1,,,,,,,,,,,,,,,1:44,misses R cross to face,ducks R cross,Pennington
1,,,,,,,,,,,,,,,1:43,,,Pennington
1,,,,,,,,,,,,,,,1:42,,,Pennington
1,,,,,,,,,,,,,,,1:41,misses R mt kick to body,,Pennington
1,,,,,,,,,,,,,,,1:40,,misses L push kick against cage,Pennington
1,,,,,,,,,,,,,,,1:39,,,Pennington
1,,,,,,,,,,,,,,,1:38,,,Pennington
1,,,,,,,,,,,,,,,1:37,,,Pennington
1,,,,,,,,,,,,,,,1:36,ducks,"misses L jab, misses R cross",Pennington
1,,,,,,,,,,,,,,,1:35,misses R upper to face,jumps back to avoid upper,Pennington
1,,,,,,,,,,,,,,,1:34,,,Pennington
1,,,,,,,,,,,,,,,1:33,,,Pennington
1,,,,,,,,,,,,,,,1:32,,,Pennington
1,,,,,,,,,,,,,,,1:31,,,Pennington
1,,,,,,,,,,,,,,,1:30,"misses L jab, misses R cross to face",blocks and leans to side pushing R cross with Left hand,Pennington
1,,,,,,,,,,,,,,,1:29,,,Pennington
1,,,,,,,,,,,,,,,1:28,,,Pennington
1,,,,,,,,,,,,,,,1:27,,,Pennington
1,,,,,,,,,,,,,,,1:26,,,Pennington
1,,,,,,,,,,,,,,,1:25,,,Pennington
1,,,,,,,,,,,,,,,1:24,,,Pennington
1,,,,,,,,,,,,,,,1:23,misses L jab to body,,Pennington
1,,,,,,,,,,,,,,,1:22,,,Pennington
1,,,,,,,,,,,,,,,1:21,,,Pennington
1,,,,,,,,,,,,,,,1:20,,,Pennington
1,,,,,,,,,,,,,,,1:19,,,Pennington
1,,,,,,,,,,,,,,,1:18,,,Pennington
1,,,,,,,,,,,,,,,1:17,,,Pennington
1,,,,,,,,,,,,,,,1:16,,,Pennington
1,,,,,,,,,,,,,,,1:15,,,Pennington
1,,,,,,,,,,,,,,,1:14,,,Pennington
1,,,,,,,,,,,,,,,1:13,feigns L mt kick to head,steps back drops L arm as if to block or push leg down,Pennington
1,,,,,,,,,,,,,,,1:12,,,Pennington
1,,,,,,,,,,,,,,,1:11,"misses L jab, misses R cross to face",misses R cross to face,Pennington
1,,,,,,,,,,,,,,,1:10,,,Pennington
1,,,,,,,,,,,,,,,1:09,,,Pennington
1,,,,,,,,,,,,,,,1:08,,,Pennington
1,,,,,,,,,,,,,,,1:07,,,Pennington
1,,,,,,,,,,,,,,,1:06,,,Pennington
1,,,,,,,,,,,,,,,1:05,,,Pennington
1,,,,,,,,,,,,,,,1:04,,,Pennington
1,,,,,,,,,,,,,,,1:03,,,Pennington
1,,,,,,,,,,,,,,,1:02,,,Pennington
1,,,,,,,,,,,,,,,1:01,,,Pennington
1,,,,,,,,,,,,,,,1:00,,,Pennington
1,,,,,,,,,,,,,,,0:59,,,Pennington
1,,,,,,,,,,,,,,,0:58,,,Pennington
1,,,,,,,,,,,,,,,0:57,,,Pennington
1,,,,,,,,,,,,,,,0:56,,,Pennington
1,,,,,,,,,,,,,,,0:55,,,Pennington
1,,,,,,,,,,,,,,,0:54,,,Pennington
1,,,,,,,,,,,,,,,0:53,,,Pennington
1,,,,,,,,,,,,,,,0:52,misses R mt kick to low L lead leg,,Pennington
1,,,,,,,,,,,,,,,0:51,,,Pennington
1,,,,,,,,,,,,,,,0:50,,"misses L jab, misses running R cross to face",Pennington
1,,,,,,,,,,,,,,,0:49,misses R cross to face,,Pennington
1,,,,,,,,,,,,,,,0:48,,,Pennington
1,,,,,,,,,,,,,,,0:47,,,Pennington
1,,,,,,,,,,,,,,,0:46,,,Pennington
1,,,,,,,,,,,,,,,0:45,,,Pennington
1,,,,,,,,,,,,,,,0:44,"misses L jab, misses R cross to face",misses L hook to face,Pennington
1,,,,,,,,,,,,,,,0:43,,,Pennington
1,,,,,,,,,,,,,,,0:42,,,Pennington
1,,,,,,,,,,,,,,,0:41,,,Pennington
1,,,,,,,,,,,,,,,0:40,misses L mt kick to inside L lead leg,,Pennington
1,,,,,,,,,,,,,,,0:39,,"feigns L mt kick to inside L leg, raises arms",Pennington
1,,,,,,,,,,,,,,,0:38,,,Pennington
1,,,,,,,,,,,,,,,0:37,,,Pennington
1,,,,,,,,,,,,,,,0:36,,,Pennington
1,,,,,,,,,,,,,,,0:35,,,Pennington
1,,,,,,,,,,,,,,,0:34,,,Pennington
1,,,,,,,,,,,,,,,0:33,,,Pennington
1,,,,,,,,,,,,,,,0:32,,lands R push kick against cage,Pennington
1,,,,,,,,,,,,,,,0:31,,,Pennington
1,,,,,,,,,,,,,,,0:30,,,Pennington
1,,,,,,,,,,,,,,,0:29,,,Pennington
1,,,,,,,,,,,,,,,0:28,,feigns L push kick against cage,Pennington
1,,,,,,,,,,,,,,,0:27,,attempts one legged takedown from cage,Pennington
1,,,,,,,,,,,,,,,0:26,lands L knee to body with neck clinch,,Pennington
1,,,,,,,,,,,,,,,0:25,,,Pennington
1,,,,,,,,,,,,,,,0:24,,,Pennington
1,,,,,,,,,,,,,,,0:23,misses L jab to face,,Pennington
1,,,,,,,,,,,,,,,0:22,,,Pennington
1,,,,,,,,,,,,,,,0:21,,,Pennington
1,,,,,,,,,,,,,,,0:20,,,Pennington
1,,,,,,,,,,,,,,,0:19,,,Pennington
1,,,,,,,,,,,,,,,0:18,,,Pennington
1,,,,,,,,,,,,,,,0:17,,lifts L leg for mt kick projected,Pennington
1,,,,,,,,,,,,,,,0:16,,"misses L jab, misses R cross to face",Pennington
1,,,,,,,,,,,,,,,0:15,,,Pennington
1,,,,,,,,,,,,,,,0:14,misses R mt kick to low L lead leg,jumps back,Pennington
1,,,,,,,,,,,,,,,0:13,,,Pennington
1,,,,,,,,,,,,,,,0:12,,,Pennington
1,,,,,,,,,,,,,,,0:11,,,Pennington
1,,,,,,,,,,,,,,,0:10,misses R cross to face,leans back to avoid R cross to face,Pennington
1,,,,,,,,,,,,,,,0:09,,"misses R cross, misses L hook to face",Pennington
1,,,,,,,,,,,,,,,0:08,,misses R cross,Pennington
1,,,,,,,,,,,,,,,0:07,misses R cross,,Pennington
1,,,,,,,,,,,,,,,0:06,,,Pennington
1,,,,,,,,,,,,,,,0:05,,,Pennington
1,,,,,,,,,,,,,,,0:04,,,Pennington
1,,,,,,,,,,,,,,,0:03,misses L jab,jumps back,Pennington
1,,,,,,,,,,,,,,,0:02,,,Pennington
1,,,,,,,,,,,,,,,0:01,,,Pennington
1,,,,,,,,,,,,,,,0:00,misses R push kick to body,,Pennington
2,,,,,,,,,,,,,,,5:00,,,Pennington
2,,,,,,,,,,,,,,,4:59,,,Pennington
2,,,,,,,,,,,,,,,4:58,,,Pennington
2,,,,,,,,,,,,,,,4:57,,,Pennington
2,,,,,,,,,,,,,,,4:56,,,Pennington
2,,,,,,,,,,,,,,,4:55,,,Pennington
2,,,,,,,,,,,,,,,4:54,,,Pennington
2,,,,,,,,,,,,,,,4:53,,,Pennington
2,,,,,,,,,,,,,,,4:52,,,Pennington
2,,,,,,,,,,,,,,,4:51,,,Pennington
2,,,,,,,,,,,,,,,4:50,,,Pennington
2,,,,,,,,,,,,,,,4:49,,,Pennington
2,,,,,,,,,,,,,,,4:48,,,Pennington
2,,,,,,,,,,,,,,,4:47,,,Pennington
2,,,,,,,,,,,,,,,4:46,,,Pennington
2,,,,,,,,,,,,,,,4:45,,,Pennington
2,,,,,,,,,,,,,,,4:44,,,Pennington
2,,,,,,,,,,,,,,,4:43,,,Pennington
2,,,,,,,,,,,,,,,4:42,,,Pennington
2,,,,,,,,,,,,,,,4:41,,,Pennington
2,,,,,,,,,,,,,,,4:40,,,Pennington
2,,,,,,,,,,,,,,,4:39,,,Pennington
2,,,,,,,,,,,,,,,4:38,,,Pennington
2,,,,,,,,,,,,,,,4:37,,,Pennington
2,,,,,,,,,,,,,,,4:36,,,Pennington
2,,,,,,,,,,,,,,,4:35,,,Pennington
2,,,,,,,,,,,,,,,4:34,,,Pennington
2,,,,,,,,,,,,,,,4:33,,,Pennington
2,,,,,,,,,,,,,,,4:32,,,Pennington
2,,,,,,,,,,,,,,,4:31,,,Pennington
2,,,,,,,,,,,,,,,4:30,,,Pennington
2,,,,,,,,,,,,,,,4:29,,,Pennington
2,,,,,,,,,,,,,,,4:28,,,Pennington
2,,,,,,,,,,,,,,,4:27,,,Pennington
2,,,,,,,,,,,,,,,4:26,,,Pennington
2,,,,,,,,,,,,,,,4:25,,,Pennington
2,,,,,,,,,,,,,,,4:24,,,Pennington
2,,,,,,,,,,,,,,,4:23,,,Pennington
2,,,,,,,,,,,,,,,4:22,,,Pennington
2,,,,,,,,,,,,,,,4:21,,,Pennington
2,,,,,,,,,,,,,,,4:20,,,Pennington
2,,,,,,,,,,,,,,,4:19,,,Pennington
2,,,,,,,,,,,,,,,4:18,,,Pennington
2,,,,,,,,,,,,,,,4:17,,,Pennington
2,,,,,,,,,,,,,,,4:16,,,Pennington
2,,,,,,,,,,,,,,,4:15,,,Pennington
2,,,,,,,,,,,,,,,4:14,,,Pennington
2,,,,,,,,,,,,,,,4:13,,,Pennington
2,,,,,,,,,,,,,,,4:12,,,Pennington
2,,,,,,,,,,,,,,,4:11,,,Pennington
2,,,,,,,,,,,,,,,4:10,,,Pennington
2,,,,,,,,,,,,,,,4:09,,,Pennington
2,,,,,,,,,,,,,,,4:08,,,Pennington
2,,,,,,,,,,,,,,,4:07,,,Pennington
2,,,,,,,,,,,,,,,4:06,,,Pennington
2,,,,,,,,,,,,,,,4:05,,,Pennington
2,,,,,,,,,,,,,,,4:04,,,Pennington
2,,,,,,,,,,,,,,,4:03,,,Pennington
2,,,,,,,,,,,,,,,4:02,,,Pennington
2,,,,,,,,,,,,,,,4:01,,,Pennington
2,,,,,,,,,,,,,,,4:00,,,Pennington
2,,,,,,,,,,,,,,,3:59,,,Pennington
2,,,,,,,,,,,,,,,3:58,,,Pennington
2,,,,,,,,,,,,,,,3:57,,,Pennington
2,,,,,,,,,,,,,,,3:56,,,Pennington
2,,,,,,,,,,,,,,,3:55,,,Pennington
2,,,,,,,,,,,,,,,3:54,,,Pennington
2,,,,,,,,,,,,,,,3:53,,,Pennington
2,,,,,,,,,,,,,,,3:52,,,Pennington
2,,,,,,,,,,,,,,,3:51,,,Pennington
2,,,,,,,,,,,,,,,3:50,,,Pennington
2,,,,,,,,,,,,,,,3:49,,,Pennington
2,,,,,,,,,,,,,,,3:48,,,Pennington
2,,,,,,,,,,,,,,,3:47,,,Pennington
2,,,,,,,,,,,,,,,3:46,,,Pennington
2,,,,,,,,,,,,,,,3:45,,,Pennington
2,,,,,,,,,,,,,,,3:44,,,Pennington
2,,,,,,,,,,,,,,,3:43,,,Pennington
2,,,,,,,,,,,,,,,3:42,,,Pennington
2,,,,,,,,,,,,,,,3:41,,,Pennington
2,,,,,,,,,,,,,,,3:40,,,Pennington
2,,,,,,,,,,,,,,,3:39,,,Pennington
2,,,,,,,,,,,,,,,3:38,,,Pennington
2,,,,,,,,,,,,,,,3:37,,,Pennington
2,,,,,,,,,,,,,,,3:36,,,Pennington
2,,,,,,,,,,,,,,,3:35,,,Pennington
2,,,,,,,,,,,,,,,3:34,,,Pennington
2,,,,,,,,,,,,,,,3:33,,,Pennington
2,,,,,,,,,,,,,,,3:32,,,Pennington
2,,,,,,,,,,,,,,,3:31,,,Pennington
2,,,,,,,,,,,,,,,3:30,,,Pennington
2,,,,,,,,,,,,,,,3:29,,,Pennington
2,,,,,,,,,,,,,,,3:28,,,Pennington
2,,,,,,,,,,,,,,,3:27,,,Pennington
2,,,,,,,,,,,,,,,3:26,,,Pennington
2,,,,,,,,,,,,,,,3:25,,,Pennington
2,,,,,,,,,,,,,,,3:24,,,Pennington
2,,,,,,,,,,,,,,,3:23,,,Pennington
2,,,,,,,,,,,,,,,3:22,,,Pennington
2,,,,,,,,,,,,,,,3:21,,,Pennington
2,,,,,,,,,,,,,,,3:20,,,Pennington
2,,,,,,,,,,,,,,,3:19,,,Pennington
2,,,,,,,,,,,,,,,3:18,,,Pennington
2,,,,,,,,,,,,,,,3:17,,,Pennington
2,,,,,,,,,,,,,,,3:16,,,Pennington
2,,,,,,,,,,,,,,,3:15,,,Pennington
2,,,,,,,,,,,,,,,3:14,,,Pennington
2,,,,,,,,,,,,,,,3:13,,,Pennington
2,,,,,,,,,,,,,,,3:12,,,Pennington
2,,,,,,,,,,,,,,,3:11,,,Pennington
2,,,,,,,,,,,,,,,3:10,,,Pennington
2,,,,,,,,,,,,,,,3:09,,,Pennington
2,,,,,,,,,,,,,,,3:08,,,Pennington
2,,,,,,,,,,,,,,,3:07,,,Pennington
2,,,,,,,,,,,,,,,3:06,,,Pennington
2,,,,,,,,,,,,,,,3:05,,,Pennington
2,,,,,,,,,,,,,,,3:04,,,Pennington
2,,,,,,,,,,,,,,,3:03,,,Pennington
2,,,,,,,,,,,,,,,3:02,,,Pennington
2,,,,,,,,,,,,,,,3:01,,,Pennington
2,,,,,,,,,,,,,,,3:00,,,Pennington
2,,,,,,,,,,,,,,,2:59,,,Pennington
2,,,,,,,,,,,,,,,2:58,,,Pennington
2,,,,,,,,,,,,,,,2:57,,,Pennington
2,,,,,,,,,,,,,,,2:56,,,Pennington
2,,,,,,,,,,,,,,,2:55,,,Pennington
2,,,,,,,,,,,,,,,2:54,,,Pennington
2,,,,,,,,,,,,,,,2:53,,,Pennington
2,,,,,,,,,,,,,,,2:52,,,Pennington
2,,,,,,,,,,,,,,,2:51,,,Pennington
2,,,,,,,,,,,,,,,2:50,,,Pennington
2,,,,,,,,,,,,,,,2:49,,,Pennington
2,,,,,,,,,,,,,,,2:48,,,Pennington
2,,,,,,,,,,,,,,,2:47,,,Pennington
2,,,,,,,,,,,,,,,2:46,,,Pennington
2,,,,,,,,,,,,,,,2:45,,,Pennington
2,,,,,,,,,,,,,,,2:44,,,Pennington
2,,,,,,,,,,,,,,,2:43,,,Pennington
2,,,,,,,,,,,,,,,2:42,,,Pennington
2,,,,,,,,,,,,,,,2:41,,,Pennington
2,,,,,,,,,,,,,,,2:40,,,Pennington
2,,,,,,,,,,,,,,,2:39,,,Pennington
2,,,,,,,,,,,,,,,2:38,,,Pennington
2,,,,,,,,,,,,,,,2:37,,,Pennington
2,,,,,,,,,,,,,,,2:36,,,Pennington
2,,,,,,,,,,,,,,,2:35,,,Pennington
2,,,,,,,,,,,,,,,2:34,,,Pennington
2,,,,,,,,,,,,,,,2:33,,,Pennington
2,,,,,,,,,,,,,,,2:32,,,Pennington
2,,,,,,,,,,,,,,,2:31,,,Pennington
2,,,,,,,,,,,,,,,2:30,,,Pennington
2,,,,,,,,,,,,,,,2:29,,,Pennington
2,,,,,,,,,,,,,,,2:28,,,Pennington
2,,,,,,,,,,,,,,,2:27,,,Pennington
2,,,,,,,,,,,,,,,2:26,,,Pennington
2,,,,,,,,,,,,,,,2:25,,,Pennington
2,,,,,,,,,,,,,,,2:24,,,Pennington
2,,,,,,,,,,,,,,,2:23,,,Pennington
2,,,,,,,,,,,,,,,2:22,,,Pennington
2,,,,,,,,,,,,,,,2:21,,,Pennington
2,,,,,,,,,,,,,,,2:20,,,Pennington
2,,,,,,,,,,,,,,,2:19,,,Pennington
2,,,,,,,,,,,,,,,2:18,,,Pennington
2,,,,,,,,,,,,,,,2:17,,,Pennington
2,,,,,,,,,,,,,,,2:16,,,Pennington
2,,,,,,,,,,,,,,,2:15,,,Pennington
2,,,,,,,,,,,,,,,2:14,,,Pennington
2,,,,,,,,,,,,,,,2:13,,,Pennington
2,,,,,,,,,,,,,,,2:12,,,Pennington
2,,,,,,,,,,,,,,,2:11,,,Pennington
2,,,,,,,,,,,,,,,2:10,,,Pennington
2,,,,,,,,,,,,,,,2:09,,,Pennington
2,,,,,,,,,,,,,,,2:08,,,Pennington
2,,,,,,,,,,,,,,,2:07,,,Pennington
2,,,,,,,,,,,,,,,2:06,,,Pennington
2,,,,,,,,,,,,,,,2:05,,,Pennington
2,,,,,,,,,,,,,,,2:04,,,Pennington
2,,,,,,,,,,,,,,,2:03,,,Pennington
2,,,,,,,,,,,,,,,2:02,,,Pennington
2,,,,,,,,,,,,,,,2:01,,,Pennington
2,,,,,,,,,,,,,,,2:00,,,Pennington
2,,,,,,,,,,,,,,,1:59,,,Pennington
2,,,,,,,,,,,,,,,1:58,,,Pennington
2,,,,,,,,,,,,,,,1:57,,,Pennington
2,,,,,,,,,,,,,,,1:56,,,Pennington
2,,,,,,,,,,,,,,,1:55,,,Pennington
2,,,,,,,,,,,,,,,1:54,,,Pennington
2,,,,,,,,,,,,,,,1:53,,,Pennington
2,,,,,,,,,,,,,,,1:52,,,Pennington
2,,,,,,,,,,,,,,,1:51,,,Pennington
2,,,,,,,,,,,,,,,1:50,,,Pennington
2,,,,,,,,,,,,,,,1:49,,,Pennington
2,,,,,,,,,,,,,,,1:48,,,Pennington
2,,,,,,,,,,,,,,,1:47,,,Pennington
2,,,,,,,,,,,,,,,1:46,,,Pennington
2,,,,,,,,,,,,,,,1:45,,,Pennington
2,,,,,,,,,,,,,,,1:44,,,Pennington
2,,,,,,,,,,,,,,,1:43,,,Pennington
2,,,,,,,,,,,,,,,1:42,,,Pennington
2,,,,,,,,,,,,,,,1:41,,,Pennington
2,,,,,,,,,,,,,,,1:40,,,Pennington
2,,,,,,,,,,,,,,,1:39,,,Pennington
2,,,,,,,,,,,,,,,1:38,,,Pennington
2,,,,,,,,,,,,,,,1:37,,,Pennington
2,,,,,,,,,,,,,,,1:36,,,Pennington
2,,,,,,,,,,,,,,,1:35,,,Pennington
2,,,,,,,,,,,,,,,1:34,,,Pennington
2,,,,,,,,,,,,,,,1:33,,,Pennington
2,,,,,,,,,,,,,,,1:32,,,Pennington
2,,,,,,,,,,,,,,,1:31,,,Pennington
2,,,,,,,,,,,,,,,1:30,,,Pennington
2,,,,,,,,,,,,,,,1:29,,,Pennington
2,,,,,,,,,,,,,,,1:28,,,Pennington
2,,,,,,,,,,,,,,,1:27,,,Pennington
2,,,,,,,,,,,,,,,1:26,,,Pennington
2,,,,,,,,,,,,,,,1:25,,,Pennington
2,,,,,,,,,,,,,,,1:24,,,Pennington
2,,,,,,,,,,,,,,,1:23,,,Pennington
2,,,,,,,,,,,,,,,1:22,,,Pennington
2,,,,,,,,,,,,,,,1:21,,,Pennington
2,,,,,,,,,,,,,,,1:20,,,Pennington
2,,,,,,,,,,,,,,,1:19,,,Pennington
2,,,,,,,,,,,,,,,1:18,,,Pennington
2,,,,,,,,,,,,,,,1:17,,,Pennington
2,,,,,,,,,,,,,,,1:16,,,Pennington
2,,,,,,,,,,,,,,,1:15,,,Pennington
2,,,,,,,,,,,,,,,1:14,,,Pennington
2,,,,,,,,,,,,,,,1:13,,,Pennington
2,,,,,,,,,,,,,,,1:12,,,Pennington
2,,,,,,,,,,,,,,,1:11,,,Pennington
2,,,,,,,,,,,,,,,1:10,,,Pennington
2,,,,,,,,,,,,,,,1:09,,,Pennington
2,,,,,,,,,,,,,,,1:08,,,Pennington
2,,,,,,,,,,,,,,,1:07,,,Pennington
2,,,,,,,,,,,,,,,1:06,,,Pennington
2,,,,,,,,,,,,,,,1:05,,,Pennington
2,,,,,,,,,,,,,,,1:04,,,Pennington
2,,,,,,,,,,,,,,,1:03,,,Pennington
2,,,,,,,,,,,,,,,1:02,,,Pennington
2,,,,,,,,,,,,,,,1:01,,,Pennington
2,,,,,,,,,,,,,,,1:00,,,Pennington
2,,,,,,,,,,,,,,,0:59,,,Pennington
2,,,,,,,,,,,,,,,0:58,,,Pennington
2,,,,,,,,,,,,,,,0:57,,,Pennington
2,,,,,,,,,,,,,,,0:56,,,Pennington
2,,,,,,,,,,,,,,,0:55,,,Pennington
2,,,,,,,,,,,,,,,0:54,,,Pennington
2,,,,,,,,,,,,,,,0:53,,,Pennington
2,,,,,,,,,,,,,,,0:52,,,Pennington
2,,,,,,,,,,,,,,,0:51,,,Pennington
2,,,,,,,,,,,,,,,0:50,,,Pennington
2,,,,,,,,,,,,,,,0:49,,,Pennington
2,,,,,,,,,,,,,,,0:48,,,Pennington
2,,,,,,,,,,,,,,,0:47,,,Pennington
2,,,,,,,,,,,,,,,0:46,,,Pennington
2,,,,,,,,,,,,,,,0:45,,,Pennington
2,,,,,,,,,,,,,,,0:44,,,Pennington
2,,,,,,,,,,,,,,,0:43,,,Pennington
2,,,,,,,,,,,,,,,0:42,,,Pennington
2,,,,,,,,,,,,,,,0:41,,,Pennington
2,,,,,,,,,,,,,,,0:40,,,Pennington
2,,,,,,,,,,,,,,,0:39,,,Pennington
2,,,,,,,,,,,,,,,0:38,,,Pennington
2,,,,,,,,,,,,,,,0:37,,,Pennington
2,,,,,,,,,,,,,,,0:36,,,Pennington
2,,,,,,,,,,,,,,,0:35,,,Pennington
2,,,,,,,,,,,,,,,0:34,,,Pennington
2,,,,,,,,,,,,,,,0:33,,,Pennington
2,,,,,,,,,,,,,,,0:32,,,Pennington
2,,,,,,,,,,,,,,,0:31,,,Pennington
2,,,,,,,,,,,,,,,0:30,,,Pennington
2,,,,,,,,,,,,,,,0:29,,,Pennington
2,,,,,,,,,,,,,,,0:28,,,Pennington
2,,,,,,,,,,,,,,,0:27,,,Pennington
2,,,,,,,,,,,,,,,0:26,,,Pennington
2,,,,,,,,,,,,,,,0:25,,,Pennington
2,,,,,,,,,,,,,,,0:24,,,Pennington
2,,,,,,,,,,,,,,,0:23,,,Pennington
2,,,,,,,,,,,,,,,0:22,,,Pennington
2,,,,,,,,,,,,,,,0:21,,,Pennington
2,,,,,,,,,,,,,,,0:20,,,Pennington
2,,,,,,,,,,,,,,,0:19,,,Pennington
2,,,,,,,,,,,,,,,0:18,,,Pennington
2,,,,,,,,,,,,,,,0:17,,,Pennington
2,,,,,,,,,,,,,,,0:16,,,Pennington
2,,,,,,,,,,,,,,,0:15,,,Pennington
2,,,,,,,,,,,,,,,0:14,,,Pennington
2,,,,,,,,,,,,,,,0:13,,,Pennington
2,,,,,,,,,,,,,,,0:12,,,Pennington
2,,,,,,,,,,,,,,,0:11,,,Pennington
2,,,,,,,,,,,,,,,0:10,,,Pennington
2,,,,,,,,,,,,,,,0:09,,,Pennington
2,,,,,,,,,,,,,,,0:08,,,Pennington
2,,,,,,,,,,,,,,,0:07,,,Pennington
2,,,,,,,,,,,,,,,0:06,,,Pennington
2,,,,,,,,,,,,,,,0:05,,,Pennington
2,,,,,,,,,,,,,,,0:04,,,Pennington
2,,,,,,,,,,,,,,,0:03,,,Pennington
2,,,,,,,,,,,,,,,0:02,,,Pennington
2,,,,,,,,,,,,,,,0:01,,,Pennington
2,,,,,,,,,,,,,,,0:00,,,Pennington
3,,,,,,,,,,,,,,,5:00,,,Pennington
3,,,,,,,,,,,,,,,4:59,,,Pennington
3,,,,,,,,,,,,,,,4:58,,,Pennington
3,,,,,,,,,,,,,,,4:57,,,Pennington
3,,,,,,,,,,,,,,,4:56,,,Pennington
3,,,,,,,,,,,,,,,4:55,,,Pennington
3,,,,,,,,,,,,,,,4:54,,,Pennington
3,,,,,,,,,,,,,,,4:53,,,Pennington
3,,,,,,,,,,,,,,,4:52,,,Pennington
3,,,,,,,,,,,,,,,4:51,,,Pennington
3,,,,,,,,,,,,,,,4:50,,,Pennington
3,,,,,,,,,,,,,,,4:49,,,Pennington
3,,,,,,,,,,,,,,,4:48,,,Pennington
3,,,,,,,,,,,,,,,4:47,,,Pennington
3,,,,,,,,,,,,,,,4:46,,,Pennington
3,,,,,,,,,,,,,,,4:45,,,Pennington
3,,,,,,,,,,,,,,,4:44,,,Pennington
3,,,,,,,,,,,,,,,4:43,,,Pennington
3,,,,,,,,,,,,,,,4:42,,,Pennington
3,,,,,,,,,,,,,,,4:41,,,Pennington
3,,,,,,,,,,,,,,,4:40,,,Pennington
3,,,,,,,,,,,,,,,4:39,,,Pennington
3,,,,,,,,,,,,,,,4:38,,,Pennington
3,,,,,,,,,,,,,,,4:37,,,Pennington
3,,,,,,,,,,,,,,,4:36,,,Pennington
3,,,,,,,,,,,,,,,4:35,,,Pennington
3,,,,,,,,,,,,,,,4:34,,,Pennington
3,,,,,,,,,,,,,,,4:33,,,Pennington
3,,,,,,,,,,,,,,,4:32,,,Pennington
3,,,,,,,,,,,,,,,4:31,,,Pennington
3,,,,,,,,,,,,,,,4:30,,,Pennington
3,,,,,,,,,,,,,,,4:29,,,Pennington
3,,,,,,,,,,,,,,,4:28,,,Pennington
3,,,,,,,,,,,,,,,4:27,,,Pennington
3,,,,,,,,,,,,,,,4:26,,,Pennington
3,,,,,,,,,,,,,,,4:25,,,Pennington
3,,,,,,,,,,,,,,,4:24,,,Pennington
3,,,,,,,,,,,,,,,4:23,,,Pennington
3,,,,,,,,,,,,,,,4:22,,,Pennington
3,,,,,,,,,,,,,,,4:21,,,Pennington
3,,,,,,,,,,,,,,,4:20,,,Pennington
3,,,,,,,,,,,,,,,4:19,,,Pennington
3,,,,,,,,,,,,,,,4:18,,,Pennington
3,,,,,,,,,,,,,,,4:17,,,Pennington
3,,,,,,,,,,,,,,,4:16,,,Pennington
3,,,,,,,,,,,,,,,4:15,,,Pennington
3,,,,,,,,,,,,,,,4:14,,,Pennington
3,,,,,,,,,,,,,,,4:13,,,Pennington
3,,,,,,,,,,,,,,,4:12,,,Pennington
3,,,,,,,,,,,,,,,4:11,,,Pennington
3,,,,,,,,,,,,,,,4:10,,,Pennington
3,,,,,,,,,,,,,,,4:09,,,Pennington
3,,,,,,,,,,,,,,,4:08,,,Pennington
3,,,,,,,,,,,,,,,4:07,,,Pennington
3,,,,,,,,,,,,,,,4:06,,,Pennington
3,,,,,,,,,,,,,,,4:05,,,Pennington
3,,,,,,,,,,,,,,,4:04,,,Pennington
3,,,,,,,,,,,,,,,4:03,,,Pennington
3,,,,,,,,,,,,,,,4:02,,,Pennington
3,,,,,,,,,,,,,,,4:01,,,Pennington
3,,,,,,,,,,,,,,,4:00,,,Pennington
3,,,,,,,,,,,,,,,3:59,,,Pennington
3,,,,,,,,,,,,,,,3:58,,,Pennington
3,,,,,,,,,,,,,,,3:57,,,Pennington
3,,,,,,,,,,,,,,,3:56,,,Pennington
3,,,,,,,,,,,,,,,3:55,,,Pennington
3,,,,,,,,,,,,,,,3:54,,,Pennington
3,,,,,,,,,,,,,,,3:53,,,Pennington
3,,,,,,,,,,,,,,,3:52,,,Pennington
3,,,,,,,,,,,,,,,3:51,,,Pennington
3,,,,,,,,,,,,,,,3:50,,,Pennington
3,,,,,,,,,,,,,,,3:49,,,Pennington
3,,,,,,,,,,,,,,,3:48,,,Pennington
3,,,,,,,,,,,,,,,3:47,,,Pennington
3,,,,,,,,,,,,,,,3:46,,,Pennington
3,,,,,,,,,,,,,,,3:45,,,Pennington
3,,,,,,,,,,,,,,,3:44,,,Pennington
3,,,,,,,,,,,,,,,3:43,,,Pennington
3,,,,,,,,,,,,,,,3:42,,,Pennington
3,,,,,,,,,,,,,,,3:41,,,Pennington
3,,,,,,,,,,,,,,,3:40,,,Pennington
3,,,,,,,,,,,,,,,3:39,,,Pennington
3,,,,,,,,,,,,,,,3:38,,,Pennington
3,,,,,,,,,,,,,,,3:37,,,Pennington
3,,,,,,,,,,,,,,,3:36,,,Pennington
3,,,,,,,,,,,,,,,3:35,,,Pennington
3,,,,,,,,,,,,,,,3:34,,,Pennington
3,,,,,,,,,,,,,,,3:33,,,Pennington
3,,,,,,,,,,,,,,,3:32,,,Pennington
3,,,,,,,,,,,,,,,3:31,,,Pennington
3,,,,,,,,,,,,,,,3:30,,,Pennington
3,,,,,,,,,,,,,,,3:29,,,Pennington
3,,,,,,,,,,,,,,,3:28,,,Pennington
3,,,,,,,,,,,,,,,3:27,,,Pennington
3,,,,,,,,,,,,,,,3:26,,,Pennington
3,,,,,,,,,,,,,,,3:25,,,Pennington
3,,,,,,,,,,,,,,,3:24,,,Pennington
3,,,,,,,,,,,,,,,3:23,,,Pennington
3,,,,,,,,,,,,,,,3:22,,,Pennington
3,,,,,,,,,,,,,,,3:21,,,Pennington
3,,,,,,,,,,,,,,,3:20,,,Pennington
3,,,,,,,,,,,,,,,3:19,,,Pennington
3,,,,,,,,,,,,,,,3:18,,,Pennington
3,,,,,,,,,,,,,,,3:17,,,Pennington
3,,,,,,,,,,,,,,,3:16,,,Pennington
3,,,,,,,,,,,,,,,3:15,,,Pennington
3,,,,,,,,,,,,,,,3:14,,,Pennington
3,,,,,,,,,,,,,,,3:13,,,Pennington
3,,,,,,,,,,,,,,,3:12,,,Pennington
3,,,,,,,,,,,,,,,3:11,,,Pennington
3,,,,,,,,,,,,,,,3:10,,,Pennington
3,,,,,,,,,,,,,,,3:09,,,Pennington
3,,,,,,,,,,,,,,,3:08,,,Pennington
3,,,,,,,,,,,,,,,3:07,,,Pennington
3,,,,,,,,,,,,,,,3:06,,,Pennington
3,,,,,,,,,,,,,,,3:05,,,Pennington
3,,,,,,,,,,,,,,,3:04,,,Pennington
3,,,,,,,,,,,,,,,3:03,,,Pennington
3,,,,,,,,,,,,,,,3:02,,,Pennington
3,,,,,,,,,,,,,,,3:01,,,Pennington
3,,,,,,,,,,,,,,,3:00,,,Pennington
3,,,,,,,,,,,,,,,2:59,,,Pennington
3,,,,,,,,,,,,,,,2:58,,,Pennington
3,,,,,,,,,,,,,,,2:57,,,Pennington
3,,,,,,,,,,,,,,,2:56,,,Pennington
3,,,,,,,,,,,,,,,2:55,,,Pennington
3,,,,,,,,,,,,,,,2:54,,,Pennington
3,,,,,,,,,,,,,,,2:53,,,Pennington
3,,,,,,,,,,,,,,,2:52,,,Pennington
3,,,,,,,,,,,,,,,2:51,,,Pennington
3,,,,,,,,,,,,,,,2:50,,,Pennington
3,,,,,,,,,,,,,,,2:49,,,Pennington
3,,,,,,,,,,,,,,,2:48,,,Pennington
3,,,,,,,,,,,,,,,2:47,,,Pennington
3,,,,,,,,,,,,,,,2:46,,,Pennington
3,,,,,,,,,,,,,,,2:45,,,Pennington
3,,,,,,,,,,,,,,,2:44,,,Pennington
3,,,,,,,,,,,,,,,2:43,,,Pennington
3,,,,,,,,,,,,,,,2:42,,,Pennington
3,,,,,,,,,,,,,,,2:41,,,Pennington
3,,,,,,,,,,,,,,,2:40,,,Pennington
3,,,,,,,,,,,,,,,2:39,,,Pennington
3,,,,,,,,,,,,,,,2:38,,,Pennington
3,,,,,,,,,,,,,,,2:37,,,Pennington
3,,,,,,,,,,,,,,,2:36,,,Pennington
3,,,,,,,,,,,,,,,2:35,,,Pennington
3,,,,,,,,,,,,,,,2:34,,,Pennington
3,,,,,,,,,,,,,,,2:33,,,Pennington
3,,,,,,,,,,,,,,,2:32,,,Pennington
3,,,,,,,,,,,,,,,2:31,,,Pennington
3,,,,,,,,,,,,,,,2:30,,,Pennington
3,,,,,,,,,,,,,,,2:29,,,Pennington
3,,,,,,,,,,,,,,,2:28,,,Pennington
3,,,,,,,,,,,,,,,2:27,,,Pennington
3,,,,,,,,,,,,,,,2:26,,,Pennington
3,,,,,,,,,,,,,,,2:25,,,Pennington
3,,,,,,,,,,,,,,,2:24,,,Pennington
3,,,,,,,,,,,,,,,2:23,,,Pennington
3,,,,,,,,,,,,,,,2:22,,,Pennington
3,,,,,,,,,,,,,,,2:21,,,Pennington
3,,,,,,,,,,,,,,,2:20,,,Pennington
3,,,,,,,,,,,,,,,2:19,,,Pennington
3,,,,,,,,,,,,,,,2:18,,,Pennington
3,,,,,,,,,,,,,,,2:17,,,Pennington
3,,,,,,,,,,,,,,,2:16,,,Pennington
3,,,,,,,,,,,,,,,2:15,,,Pennington
3,,,,,,,,,,,,,,,2:14,,,Pennington
3,,,,,,,,,,,,,,,2:13,,,Pennington
3,,,,,,,,,,,,,,,2:12,,,Pennington
3,,,,,,,,,,,,,,,2:11,,,Pennington
3,,,,,,,,,,,,,,,2:10,,,Pennington
3,,,,,,,,,,,,,,,2:09,,,Pennington
3,,,,,,,,,,,,,,,2:08,,,Pennington
3,,,,,,,,,,,,,,,2:07,,,Pennington
3,,,,,,,,,,,,,,,2:06,,,Pennington
3,,,,,,,,,,,,,,,2:05,,,Pennington
3,,,,,,,,,,,,,,,2:04,,,Pennington
3,,,,,,,,,,,,,,,2:03,,,Pennington
3,,,,,,,,,,,,,,,2:02,,,Pennington
3,,,,,,,,,,,,,,,2:01,,,Pennington
3,,,,,,,,,,,,,,,2:00,,,Pennington
3,,,,,,,,,,,,,,,1:59,,,Pennington
3,,,,,,,,,,,,,,,1:58,,,Pennington
3,,,,,,,,,,,,,,,1:57,,,Pennington
3,,,,,,,,,,,,,,,1:56,,,Pennington
3,,,,,,,,,,,,,,,1:55,,,Pennington
3,,,,,,,,,,,,,,,1:54,,,Pennington
3,,,,,,,,,,,,,,,1:53,,,Pennington
3,,,,,,,,,,,,,,,1:52,,,Pennington
3,,,,,,,,,,,,,,,1:51,,,Pennington
3,,,,,,,,,,,,,,,1:50,,,Pennington
3,,,,,,,,,,,,,,,1:49,,,Pennington
3,,,,,,,,,,,,,,,1:48,,,Pennington
3,,,,,,,,,,,,,,,1:47,,,Pennington
3,,,,,,,,,,,,,,,1:46,,,Pennington
3,,,,,,,,,,,,,,,1:45,,,Pennington
3,,,,,,,,,,,,,,,1:44,,,Pennington
3,,,,,,,,,,,,,,,1:43,,,Pennington
3,,,,,,,,,,,,,,,1:42,,,Pennington
3,,,,,,,,,,,,,,,1:41,,,Pennington
3,,,,,,,,,,,,,,,1:40,,,Pennington
3,,,,,,,,,,,,,,,1:39,,,Pennington
3,,,,,,,,,,,,,,,1:38,,,Pennington
3,,,,,,,,,,,,,,,1:37,,,Pennington
3,,,,,,,,,,,,,,,1:36,,,Pennington
3,,,,,,,,,,,,,,,1:35,,,Pennington
3,,,,,,,,,,,,,,,1:34,,,Pennington
3,,,,,,,,,,,,,,,1:33,,,Pennington
3,,,,,,,,,,,,,,,1:32,,,Pennington
3,,,,,,,,,,,,,,,1:31,,,Pennington
3,,,,,,,,,,,,,,,1:30,,,Pennington
3,,,,,,,,,,,,,,,1:29,,,Pennington
3,,,,,,,,,,,,,,,1:28,,,Pennington
3,,,,,,,,,,,,,,,1:27,,,Pennington
3,,,,,,,,,,,,,,,1:26,,,Pennington
3,,,,,,,,,,,,,,,1:25,,,Pennington
3,,,,,,,,,,,,,,,1:24,,,Pennington
3,,,,,,,,,,,,,,,1:23,,,Pennington
3,,,,,,,,,,,,,,,1:22,,,Pennington
3,,,,,,,,,,,,,,,1:21,,,Pennington
3,,,,,,,,,,,,,,,1:20,,,Pennington
3,,,,,,,,,,,,,,,1:19,,,Pennington
3,,,,,,,,,,,,,,,1:18,,,Pennington
3,,,,,,,,,,,,,,,1:17,,,Pennington
3,,,,,,,,,,,,,,,1:16,,,Pennington
3,,,,,,,,,,,,,,,1:15,,,Pennington
3,,,,,,,,,,,,,,,1:14,,,Pennington
3,,,,,,,,,,,,,,,1:13,,,Pennington
3,,,,,,,,,,,,,,,1:12,,,Pennington
3,,,,,,,,,,,,,,,1:11,,,Pennington
3,,,,,,,,,,,,,,,1:10,,,Pennington
3,,,,,,,,,,,,,,,1:09,,,Pennington
3,,,,,,,,,,,,,,,1:08,,,Pennington
3,,,,,,,,,,,,,,,1:07,,,Pennington
3,,,,,,,,,,,,,,,1:06,,,Pennington
3,,,,,,,,,,,,,,,1:05,,,Pennington
3,,,,,,,,,,,,,,,1:04,,,Pennington
3,,,,,,,,,,,,,,,1:03,,,Pennington
3,,,,,,,,,,,,,,,1:02,,,Pennington
3,,,,,,,,,,,,,,,1:01,,,Pennington
3,,,,,,,,,,,,,,,1:00,,,Pennington
3,,,,,,,,,,,,,,,0:59,,,Pennington
3,,,,,,,,,,,,,,,0:58,,,Pennington
3,,,,,,,,,,,,,,,0:57,,,Pennington
3,,,,,,,,,,,,,,,0:56,,,Pennington
3,,,,,,,,,,,,,,,0:55,,,Pennington
3,,,,,,,,,,,,,,,0:54,,,Pennington
3,,,,,,,,,,,,,,,0:53,,,Pennington
3,,,,,,,,,,,,,,,0:52,,,Pennington
3,,,,,,,,,,,,,,,0:51,,,Pennington
3,,,,,,,,,,,,,,,0:50,,,Pennington
3,,,,,,,,,,,,,,,0:49,,,Pennington
3,,,,,,,,,,,,,,,0:48,,,Pennington
3,,,,,,,,,,,,,,,0:47,,,Pennington
3,,,,,,,,,,,,,,,0:46,,,Pennington
3,,,,,,,,,,,,,,,0:45,,,Pennington
3,,,,,,,,,,,,,,,0:44,,,Pennington
3,,,,,,,,,,,,,,,0:43,,,Pennington
3,,,,,,,,,,,,,,,0:42,,,Pennington
3,,,,,,,,,,,,,,,0:41,,,Pennington
3,,,,,,,,,,,,,,,0:40,,,Pennington
3,,,,,,,,,,,,,,,0:39,,,Pennington
3,,,,,,,,,,,,,,,0:38,,,Pennington
3,,,,,,,,,,,,,,,0:37,,,Pennington
3,,,,,,,,,,,,,,,0:36,,,Pennington
3,,,,,,,,,,,,,,,0:35,,,Pennington
3,,,,,,,,,,,,,,,0:34,,,Pennington
3,,,,,,,,,,,,,,,0:33,,,Pennington
3,,,,,,,,,,,,,,,0:32,,,Pennington
3,,,,,,,,,,,,,,,0:31,,,Pennington
3,,,,,,,,,,,,,,,0:30,,,Pennington
3,,,,,,,,,,,,,,,0:29,,,Pennington
3,,,,,,,,,,,,,,,0:28,,,Pennington
3,,,,,,,,,,,,,,,0:27,,,Pennington
3,,,,,,,,,,,,,,,0:26,,,Pennington
3,,,,,,,,,,,,,,,0:25,,,Pennington
3,,,,,,,,,,,,,,,0:24,,,Pennington
3,,,,,,,,,,,,,,,0:23,,,Pennington
3,,,,,,,,,,,,,,,0:22,,,Pennington
3,,,,,,,,,,,,,,,0:21,,,Pennington
3,,,,,,,,,,,,,,,0:20,,,Pennington
3,,,,,,,,,,,,,,,0:19,,,Pennington
3,,,,,,,,,,,,,,,0:18,,,Pennington
3,,,,,,,,,,,,,,,0:17,,,Pennington
3,,,,,,,,,,,,,,,0:16,,,Pennington
3,,,,,,,,,,,,,,,0:15,,,Pennington
3,,,,,,,,,,,,,,,0:14,,,Pennington
3,,,,,,,,,,,,,,,0:13,,,Pennington
3,,,,,,,,,,,,,,,0:12,,,Pennington
3,,,,,,,,,,,,,,,0:11,,,Pennington
3,,,,,,,,,,,,,,,0:10,,,Pennington
3,,,,,,,,,,,,,,,0:09,,,Pennington
3,,,,,,,,,,,,,,,0:08,,,Pennington
3,,,,,,,,,,,,,,,0:07,,,Pennington
3,,,,,,,,,,,,,,,0:06,,,Pennington
3,,,,,,,,,,,,,,,0:05,,,Pennington
3,,,,,,,,,,,,,,,0:04,,,Pennington
3,,,,,,,,,,,,,,,0:03,,,Pennington
3,,,,,,,,,,,,,,,0:02,,,Pennington
3,,,,,,,,,,,,,,,0:01,,,Pennington
3,,,,,,,,,,,,,,,0:00,,,Pennington
4,,,,,,,,,,,,,,,5:00,,,Pennington
4,,,,,,,,,,,,,,,4:59,,,Pennington
4,,,,,,,,,,,,,,,4:58,,,Pennington
4,,,,,,,,,,,,,,,4:57,,,Pennington
4,,,,,,,,,,,,,,,4:56,,,Pennington
4,,,,,,,,,,,,,,,4:55,,,Pennington
4,,,,,,,,,,,,,,,4:54,,,Pennington
4,,,,,,,,,,,,,,,4:53,,,Pennington
4,,,,,,,,,,,,,,,4:52,,,Pennington
4,,,,,,,,,,,,,,,4:51,,,Pennington
4,,,,,,,,,,,,,,,4:50,,,Pennington
4,,,,,,,,,,,,,,,4:49,,,Pennington
4,,,,,,,,,,,,,,,4:48,,,Pennington
4,,,,,,,,,,,,,,,4:47,,,Pennington
4,,,,,,,,,,,,,,,4:46,,,Pennington
4,,,,,,,,,,,,,,,4:45,,,Pennington
4,,,,,,,,,,,,,,,4:44,,,Pennington
4,,,,,,,,,,,,,,,4:43,,,Pennington
4,,,,,,,,,,,,,,,4:42,,,Pennington
4,,,,,,,,,,,,,,,4:41,,,Pennington
4,,,,,,,,,,,,,,,4:40,,,Pennington
4,,,,,,,,,,,,,,,4:39,,,Pennington
4,,,,,,,,,,,,,,,4:38,,,Pennington
4,,,,,,,,,,,,,,,4:37,,,Pennington
4,,,,,,,,,,,,,,,4:36,,,Pennington
4,,,,,,,,,,,,,,,4:35,,,Pennington
4,,,,,,,,,,,,,,,4:34,,,Pennington
4,,,,,,,,,,,,,,,4:33,,,Pennington
4,,,,,,,,,,,,,,,4:32,,,Pennington
4,,,,,,,,,,,,,,,4:31,,,Pennington
4,,,,,,,,,,,,,,,4:30,,,Pennington
4,,,,,,,,,,,,,,,4:29,,,Pennington
4,,,,,,,,,,,,,,,4:28,,,Pennington
4,,,,,,,,,,,,,,,4:27,,,Pennington
4,,,,,,,,,,,,,,,4:26,,,Pennington
4,,,,,,,,,,,,,,,4:25,,,Pennington
4,,,,,,,,,,,,,,,4:24,,,Pennington
4,,,,,,,,,,,,,,,4:23,,,Pennington
4,,,,,,,,,,,,,,,4:22,,,Pennington
4,,,,,,,,,,,,,,,4:21,,,Pennington
4,,,,,,,,,,,,,,,4:20,,,Pennington
4,,,,,,,,,,,,,,,4:19,,,Pennington
4,,,,,,,,,,,,,,,4:18,,,Pennington
4,,,,,,,,,,,,,,,4:17,,,Pennington
4,,,,,,,,,,,,,,,4:16,,,Pennington
4,,,,,,,,,,,,,,,4:15,,,Pennington
4,,,,,,,,,,,,,,,4:14,,,Pennington
4,,,,,,,,,,,,,,,4:13,,,Pennington
4,,,,,,,,,,,,,,,4:12,,,Pennington
4,,,,,,,,,,,,,,,4:11,,,Pennington
4,,,,,,,,,,,,,,,4:10,,,Pennington
4,,,,,,,,,,,,,,,4:09,,,Pennington
4,,,,,,,,,,,,,,,4:08,,,Pennington
4,,,,,,,,,,,,,,,4:07,,,Pennington
4,,,,,,,,,,,,,,,4:06,,,Pennington
4,,,,,,,,,,,,,,,4:05,,,Pennington
4,,,,,,,,,,,,,,,4:04,,,Pennington
4,,,,,,,,,,,,,,,4:03,,,Pennington
4,,,,,,,,,,,,,,,4:02,,,Pennington
4,,,,,,,,,,,,,,,4:01,,,Pennington
4,,,,,,,,,,,,,,,4:00,,,Pennington
4,,,,,,,,,,,,,,,3:59,,,Pennington
4,,,,,,,,,,,,,,,3:58,,,Pennington
4,,,,,,,,,,,,,,,3:57,,,Pennington
4,,,,,,,,,,,,,,,3:56,,,Pennington
4,,,,,,,,,,,,,,,3:55,,,Pennington
4,,,,,,,,,,,,,,,3:54,,,Pennington
4,,,,,,,,,,,,,,,3:53,,,Pennington
4,,,,,,,,,,,,,,,3:52,,,Pennington
4,,,,,,,,,,,,,,,3:51,,,Pennington
4,,,,,,,,,,,,,,,3:50,,,Pennington
4,,,,,,,,,,,,,,,3:49,,,Pennington
4,,,,,,,,,,,,,,,3:48,,,Pennington
4,,,,,,,,,,,,,,,3:47,,,Pennington
4,,,,,,,,,,,,,,,3:46,,,Pennington
4,,,,,,,,,,,,,,,3:45,,,Pennington
4,,,,,,,,,,,,,,,3:44,,,Pennington
4,,,,,,,,,,,,,,,3:43,,,Pennington
4,,,,,,,,,,,,,,,3:42,,,Pennington
4,,,,,,,,,,,,,,,3:41,,,Pennington
4,,,,,,,,,,,,,,,3:40,,,Pennington
4,,,,,,,,,,,,,,,3:39,,,Pennington
4,,,,,,,,,,,,,,,3:38,,,Pennington
4,,,,,,,,,,,,,,,3:37,,,Pennington
4,,,,,,,,,,,,,,,3:36,,,Pennington
4,,,,,,,,,,,,,,,3:35,,,Pennington
4,,,,,,,,,,,,,,,3:34,,,Pennington
4,,,,,,,,,,,,,,,3:33,,,Pennington
4,,,,,,,,,,,,,,,3:32,,,Pennington
4,,,,,,,,,,,,,,,3:31,,,Pennington
4,,,,,,,,,,,,,,,3:30,,,Pennington
4,,,,,,,,,,,,,,,3:29,,,Pennington
4,,,,,,,,,,,,,,,3:28,,,Pennington
4,,,,,,,,,,,,,,,3:27,,,Pennington
4,,,,,,,,,,,,,,,3:26,,,Pennington
4,,,,,,,,,,,,,,,3:25,,,Pennington
4,,,,,,,,,,,,,,,3:24,,,Pennington
4,,,,,,,,,,,,,,,3:23,,,Pennington
4,,,,,,,,,,,,,,,3:22,,,Pennington
4,,,,,,,,,,,,,,,3:21,,,Pennington
4,,,,,,,,,,,,,,,3:20,,,Pennington
4,,,,,,,,,,,,,,,3:19,,,Pennington
4,,,,,,,,,,,,,,,3:18,,,Pennington
4,,,,,,,,,,,,,,,3:17,,,Pennington
4,,,,,,,,,,,,,,,3:16,,,Pennington
4,,,,,,,,,,,,,,,3:15,,,Pennington
4,,,,,,,,,,,,,,,3:14,,,Pennington
4,,,,,,,,,,,,,,,3:13,,,Pennington
4,,,,,,,,,,,,,,,3:12,,,Pennington
4,,,,,,,,,,,,,,,3:11,,,Pennington
4,,,,,,,,,,,,,,,3:10,,,Pennington
4,,,,,,,,,,,,,,,3:09,,,Pennington
4,,,,,,,,,,,,,,,3:08,,,Pennington
4,,,,,,,,,,,,,,,3:07,,,Pennington
4,,,,,,,,,,,,,,,3:06,,,Pennington
4,,,,,,,,,,,,,,,3:05,,,Pennington
4,,,,,,,,,,,,,,,3:04,,,Pennington
4,,,,,,,,,,,,,,,3:03,,,Pennington
4,,,,,,,,,,,,,,,3:02,,,Pennington
4,,,,,,,,,,,,,,,3:01,,,Pennington
4,,,,,,,,,,,,,,,3:00,,,Pennington
4,,,,,,,,,,,,,,,2:59,,,Pennington
4,,,,,,,,,,,,,,,2:58,,,Pennington
4,,,,,,,,,,,,,,,2:57,,,Pennington
4,,,,,,,,,,,,,,,2:56,,,Pennington
4,,,,,,,,,,,,,,,2:55,,,Pennington
4,,,,,,,,,,,,,,,2:54,,,Pennington
4,,,,,,,,,,,,,,,2:53,,,Pennington
4,,,,,,,,,,,,,,,2:52,,,Pennington
4,,,,,,,,,,,,,,,2:51,,,Pennington
4,,,,,,,,,,,,,,,2:50,,,Pennington
4,,,,,,,,,,,,,,,2:49,,,Pennington
4,,,,,,,,,,,,,,,2:48,,,Pennington
4,,,,,,,,,,,,,,,2:47,,,Pennington
4,,,,,,,,,,,,,,,2:46,,,Pennington
4,,,,,,,,,,,,,,,2:45,,,Pennington
4,,,,,,,,,,,,,,,2:44,,,Pennington
4,,,,,,,,,,,,,,,2:43,,,Pennington
4,,,,,,,,,,,,,,,2:42,,,Pennington
4,,,,,,,,,,,,,,,2:41,,,Pennington
4,,,,,,,,,,,,,,,2:40,,,Pennington
4,,,,,,,,,,,,,,,2:39,,,Pennington
4,,,,,,,,,,,,,,,2:38,,,Pennington
4,,,,,,,,,,,,,,,2:37,,,Pennington
4,,,,,,,,,,,,,,,2:36,,,Pennington
4,,,,,,,,,,,,,,,2:35,,,Pennington
4,,,,,,,,,,,,,,,2:34,,,Pennington
4,,,,,,,,,,,,,,,2:33,,,Pennington
4,,,,,,,,,,,,,,,2:32,,,Pennington
4,,,,,,,,,,,,,,,2:31,,,Pennington
4,,,,,,,,,,,,,,,2:30,,,Pennington
4,,,,,,,,,,,,,,,2:29,,,Pennington
4,,,,,,,,,,,,,,,2:28,,,Pennington
4,,,,,,,,,,,,,,,2:27,,,Pennington
4,,,,,,,,,,,,,,,2:26,,,Pennington
4,,,,,,,,,,,,,,,2:25,,,Pennington
4,,,,,,,,,,,,,,,2:24,,,Pennington
4,,,,,,,,,,,,,,,2:23,,,Pennington
4,,,,,,,,,,,,,,,2:22,,,Pennington
4,,,,,,,,,,,,,,,2:21,,,Pennington
4,,,,,,,,,,,,,,,2:20,,,Pennington
4,,,,,,,,,,,,,,,2:19,,,Pennington
4,,,,,,,,,,,,,,,2:18,,,Pennington
4,,,,,,,,,,,,,,,2:17,,,Pennington
4,,,,,,,,,,,,,,,2:16,,,Pennington
4,,,,,,,,,,,,,,,2:15,,,Pennington
4,,,,,,,,,,,,,,,2:14,,,Pennington
4,,,,,,,,,,,,,,,2:13,,,Pennington
4,,,,,,,,,,,,,,,2:12,,,Pennington
4,,,,,,,,,,,,,,,2:11,,,Pennington
4,,,,,,,,,,,,,,,2:10,,,Pennington
4,,,,,,,,,,,,,,,2:09,,,Pennington
4,,,,,,,,,,,,,,,2:08,,,Pennington
4,,,,,,,,,,,,,,,2:07,,,Pennington
4,,,,,,,,,,,,,,,2:06,,,Pennington
4,,,,,,,,,,,,,,,2:05,,,Pennington
4,,,,,,,,,,,,,,,2:04,,,Pennington
4,,,,,,,,,,,,,,,2:03,,,Pennington
4,,,,,,,,,,,,,,,2:02,,,Pennington
4,,,,,,,,,,,,,,,2:01,,,Pennington
4,,,,,,,,,,,,,,,2:00,,,Pennington
4,,,,,,,,,,,,,,,1:59,,,Pennington
4,,,,,,,,,,,,,,,1:58,,,Pennington
4,,,,,,,,,,,,,,,1:57,,,Pennington
4,,,,,,,,,,,,,,,1:56,,,Pennington
4,,,,,,,,,,,,,,,1:55,,,Pennington
4,,,,,,,,,,,,,,,1:54,,,Pennington
4,,,,,,,,,,,,,,,1:53,,,Pennington
4,,,,,,,,,,,,,,,1:52,,,Pennington
4,,,,,,,,,,,,,,,1:51,,,Pennington
4,,,,,,,,,,,,,,,1:50,,,Pennington
4,,,,,,,,,,,,,,,1:49,,,Pennington
4,,,,,,,,,,,,,,,1:48,,,Pennington
4,,,,,,,,,,,,,,,1:47,,,Pennington
4,,,,,,,,,,,,,,,1:46,,,Pennington
4,,,,,,,,,,,,,,,1:45,,,Pennington
4,,,,,,,,,,,,,,,1:44,,,Pennington
4,,,,,,,,,,,,,,,1:43,,,Pennington
4,,,,,,,,,,,,,,,1:42,,,Pennington
4,,,,,,,,,,,,,,,1:41,,,Pennington
4,,,,,,,,,,,,,,,1:40,,,Pennington
4,,,,,,,,,,,,,,,1:39,,,Pennington
4,,,,,,,,,,,,,,,1:38,,,Pennington
4,,,,,,,,,,,,,,,1:37,,,Pennington
4,,,,,,,,,,,,,,,1:36,,,Pennington
4,,,,,,,,,,,,,,,1:35,,,Pennington
4,,,,,,,,,,,,,,,1:34,,,Pennington
4,,,,,,,,,,,,,,,1:33,,,Pennington
4,,,,,,,,,,,,,,,1:32,,,Pennington
4,,,,,,,,,,,,,,,1:31,,,Pennington
4,,,,,,,,,,,,,,,1:30,,,Pennington
4,,,,,,,,,,,,,,,1:29,,,Pennington
4,,,,,,,,,,,,,,,1:28,,,Pennington
4,,,,,,,,,,,,,,,1:27,,,Pennington
4,,,,,,,,,,,,,,,1:26,,,Pennington
4,,,,,,,,,,,,,,,1:25,,,Pennington
4,,,,,,,,,,,,,,,1:24,,,Pennington
4,,,,,,,,,,,,,,,1:23,,,Pennington
4,,,,,,,,,,,,,,,1:22,,,Pennington
4,,,,,,,,,,,,,,,1:21,,,Pennington
4,,,,,,,,,,,,,,,1:20,,,Pennington
4,,,,,,,,,,,,,,,1:19,,,Pennington
4,,,,,,,,,,,,,,,1:18,,,Pennington
4,,,,,,,,,,,,,,,1:17,,,Pennington
4,,,,,,,,,,,,,,,1:16,,,Pennington
4,,,,,,,,,,,,,,,1:15,,,Pennington
4,,,,,,,,,,,,,,,1:14,,,Pennington
4,,,,,,,,,,,,,,,1:13,,,Pennington
4,,,,,,,,,,,,,,,1:12,,,Pennington
4,,,,,,,,,,,,,,,1:11,,,Pennington
4,,,,,,,,,,,,,,,1:10,,,Pennington
4,,,,,,,,,,,,,,,1:09,,,Pennington
4,,,,,,,,,,,,,,,1:08,,,Pennington
4,,,,,,,,,,,,,,,1:07,,,Pennington
4,,,,,,,,,,,,,,,1:06,,,Pennington
4,,,,,,,,,,,,,,,1:05,,,Pennington
4,,,,,,,,,,,,,,,1:04,,,Pennington
4,,,,,,,,,,,,,,,1:03,,,Pennington
4,,,,,,,,,,,,,,,1:02,,,Pennington
4,,,,,,,,,,,,,,,1:01,,,Pennington
4,,,,,,,,,,,,,,,1:00,,,Pennington
4,,,,,,,,,,,,,,,0:59,,,Pennington
4,,,,,,,,,,,,,,,0:58,,,Pennington
4,,,,,,,,,,,,,,,0:57,,,Pennington
4,,,,,,,,,,,,,,,0:56,,,Pennington
4,,,,,,,,,,,,,,,0:55,,,Pennington
4,,,,,,,,,,,,,,,0:54,,,Pennington
4,,,,,,,,,,,,,,,0:53,,,Pennington
4,,,,,,,,,,,,,,,0:52,,,Pennington
4,,,,,,,,,,,,,,,0:51,,,Pennington
4,,,,,,,,,,,,,,,0:50,,,Pennington
4,,,,,,,,,,,,,,,0:49,,,Pennington
4,,,,,,,,,,,,,,,0:48,,,Pennington
4,,,,,,,,,,,,,,,0:47,,,Pennington
4,,,,,,,,,,,,,,,0:46,,,Pennington
4,,,,,,,,,,,,,,,0:45,,,Pennington
4,,,,,,,,,,,,,,,0:44,,,Pennington
4,,,,,,,,,,,,,,,0:43,,,Pennington
4,,,,,,,,,,,,,,,0:42,,,Pennington
4,,,,,,,,,,,,,,,0:41,,,Pennington
4,,,,,,,,,,,,,,,0:40,,,Pennington
4,,,,,,,,,,,,,,,0:39,,,Pennington
4,,,,,,,,,,,,,,,0:38,,,Pennington
4,,,,,,,,,,,,,,,0:37,,,Pennington
4,,,,,,,,,,,,,,,0:36,,,Pennington
4,,,,,,,,,,,,,,,0:35,,,Pennington
4,,,,,,,,,,,,,,,0:34,,,Pennington
4,,,,,,,,,,,,,,,0:33,,,Pennington
4,,,,,,,,,,,,,,,0:32,,,Pennington
4,,,,,,,,,,,,,,,0:31,,,Pennington
4,,,,,,,,,,,,,,,0:30,,,Pennington
4,,,,,,,,,,,,,,,0:29,,,Pennington
4,,,,,,,,,,,,,,,0:28,,,Pennington
4,,,,,,,,,,,,,,,0:27,,,Pennington
4,,,,,,,,,,,,,,,0:26,,,Pennington
4,,,,,,,,,,,,,,,0:25,,,Pennington
4,,,,,,,,,,,,,,,0:24,,,Pennington
4,,,,,,,,,,,,,,,0:23,,,Pennington
4,,,,,,,,,,,,,,,0:22,,,Pennington
4,,,,,,,,,,,,,,,0:21,,,Pennington
4,,,,,,,,,,,,,,,0:20,,,Pennington
4,,,,,,,,,,,,,,,0:19,,,Pennington
4,,,,,,,,,,,,,,,0:18,,,Pennington
4,,,,,,,,,,,,,,,0:17,,,Pennington
4,,,,,,,,,,,,,,,0:16,,,Pennington
4,,,,,,,,,,,,,,,0:15,,,Pennington
4,,,,,,,,,,,,,,,0:14,,,Pennington
4,,,,,,,,,,,,,,,0:13,,,Pennington
4,,,,,,,,,,,,,,,0:12,,,Pennington
4,,,,,,,,,,,,,,,0:11,,,Pennington
4,,,,,,,,,,,,,,,0:10,,,Pennington
4,,,,,,,,,,,,,,,0:09,,,Pennington
4,,,,,,,,,,,,,,,0:08,,,Pennington
4,,,,,,,,,,,,,,,0:07,,,Pennington
4,,,,,,,,,,,,,,,0:06,,,Pennington
4,,,,,,,,,,,,,,,0:05,,,Pennington
4,,,,,,,,,,,,,,,0:04,,,Pennington
4,,,,,,,,,,,,,,,0:03,,,Pennington
4,,,,,,,,,,,,,,,0:02,,,Pennington
4,,,,,,,,,,,,,,,0:01,,,Pennington
4,,,,,,,,,,,,,,,0:00,,,Pennington
5,,,,,,,,,,,,,,,5:00,,,Pennington
5,,,,,,,,,,,,,,,4:59,,,Pennington
5,,,,,,,,,,,,,,,4:58,,,Pennington
5,,,,,,,,,,,,,,,4:57,,,Pennington
5,,,,,,,,,,,,,,,4:56,,,Pennington
5,,,,,,,,,,,,,,,4:55,,,Pennington
5,,,,,,,,,,,,,,,4:54,,,Pennington
5,,,,,,,,,,,,,,,4:53,,,Pennington
5,,,,,,,,,,,,,,,4:52,,,Pennington
5,,,,,,,,,,,,,,,4:51,,,Pennington
5,,,,,,,,,,,,,,,4:50,,,Pennington
5,,,,,,,,,,,,,,,4:49,,,Pennington
5,,,,,,,,,,,,,,,4:48,,,Pennington
5,,,,,,,,,,,,,,,4:47,,,Pennington
5,,,,,,,,,,,,,,,4:46,,,Pennington
5,,,,,,,,,,,,,,,4:45,,,Pennington
5,,,,,,,,,,,,,,,4:44,,,Pennington
5,,,,,,,,,,,,,,,4:43,,,Pennington
5,,,,,,,,,,,,,,,4:42,,,Pennington
5,,,,,,,,,,,,,,,4:41,,,Pennington
5,,,,,,,,,,,,,,,4:40,,,Pennington
5,,,,,,,,,,,,,,,4:39,,,Pennington
5,,,,,,,,,,,,,,,4:38,,,Pennington
5,,,,,,,,,,,,,,,4:37,,,Pennington
5,,,,,,,,,,,,,,,4:36,,,Pennington
5,,,,,,,,,,,,,,,4:35,,,Pennington
5,,,,,,,,,,,,,,,4:34,,,Pennington
5,,,,,,,,,,,,,,,4:33,,,Pennington
5,,,,,,,,,,,,,,,4:32,,,Pennington
5,,,,,,,,,,,,,,,4:31,,,Pennington
5,,,,,,,,,,,,,,,4:30,,,Pennington
5,,,,,,,,,,,,,,,4:29,,,Pennington
5,,,,,,,,,,,,,,,4:28,,,Pennington
5,,,,,,,,,,,,,,,4:27,,,Pennington
5,,,,,,,,,,,,,,,4:26,,,Pennington
5,,,,,,,,,,,,,,,4:25,,,Pennington
5,,,,,,,,,,,,,,,4:24,,,Pennington
5,,,,,,,,,,,,,,,4:23,,,Pennington
5,,,,,,,,,,,,,,,4:22,,,Pennington
5,,,,,,,,,,,,,,,4:21,,,Pennington
5,,,,,,,,,,,,,,,4:20,,,Pennington
5,,,,,,,,,,,,,,,4:19,,,Pennington
5,,,,,,,,,,,,,,,4:18,,,Pennington
5,,,,,,,,,,,,,,,4:17,,,Pennington
5,,,,,,,,,,,,,,,4:16,,,Pennington
5,,,,,,,,,,,,,,,4:15,,,Pennington
5,,,,,,,,,,,,,,,4:14,,,Pennington
5,,,,,,,,,,,,,,,4:13,,,Pennington
5,,,,,,,,,,,,,,,4:12,,,Pennington
5,,,,,,,,,,,,,,,4:11,,,Pennington
5,,,,,,,,,,,,,,,4:10,,,Pennington
5,,,,,,,,,,,,,,,4:09,,,Pennington
5,,,,,,,,,,,,,,,4:08,,,Pennington
5,,,,,,,,,,,,,,,4:07,,,Pennington
5,,,,,,,,,,,,,,,4:06,,,Pennington
5,,,,,,,,,,,,,,,4:05,,,Pennington
5,,,,,,,,,,,,,,,4:04,,,Pennington
5,,,,,,,,,,,,,,,4:03,,,Pennington
5,,,,,,,,,,,,,,,4:02,,,Pennington
5,,,,,,,,,,,,,,,4:01,,,Pennington
5,,,,,,,,,,,,,,,4:00,,,Pennington
5,,,,,,,,,,,,,,,3:59,,,Pennington
5,,,,,,,,,,,,,,,3:58,,,Pennington
5,,,,,,,,,,,,,,,3:57,,,Pennington
5,,,,,,,,,,,,,,,3:56,,,Pennington
5,,,,,,,,,,,,,,,3:55,,,Pennington
5,,,,,,,,,,,,,,,3:54,,,Pennington
5,,,,,,,,,,,,,,,3:53,,,Pennington
5,,,,,,,,,,,,,,,3:52,,,Pennington
5,,,,,,,,,,,,,,,3:51,,,Pennington
5,,,,,,,,,,,,,,,3:50,,,Pennington
5,,,,,,,,,,,,,,,3:49,,,Pennington
5,,,,,,,,,,,,,,,3:48,,,Pennington
5,,,,,,,,,,,,,,,3:47,,,Pennington
5,,,,,,,,,,,,,,,3:46,,,Pennington
5,,,,,,,,,,,,,,,3:45,,,Pennington
5,,,,,,,,,,,,,,,3:44,,,Pennington
5,,,,,,,,,,,,,,,3:43,,,Pennington
5,,,,,,,,,,,,,,,3:42,,,Pennington
5,,,,,,,,,,,,,,,3:41,,,Pennington
5,,,,,,,,,,,,,,,3:40,,,Pennington
5,,,,,,,,,,,,,,,3:39,,,Pennington
5,,,,,,,,,,,,,,,3:38,,,Pennington
5,,,,,,,,,,,,,,,3:37,,,Pennington
5,,,,,,,,,,,,,,,3:36,,,Pennington
5,,,,,,,,,,,,,,,3:35,,,Pennington
5,,,,,,,,,,,,,,,3:34,,,Pennington
5,,,,,,,,,,,,,,,3:33,,,Pennington
5,,,,,,,,,,,,,,,3:32,,,Pennington
5,,,,,,,,,,,,,,,3:31,,,Pennington
5,,,,,,,,,,,,,,,3:30,,,Pennington
5,,,,,,,,,,,,,,,3:29,,,Pennington
5,,,,,,,,,,,,,,,3:28,,,Pennington
5,,,,,,,,,,,,,,,3:27,,,Pennington
5,,,,,,,,,,,,,,,3:26,,,Pennington
5,,,,,,,,,,,,,,,3:25,,,Pennington
5,,,,,,,,,,,,,,,3:24,,,Pennington
5,,,,,,,,,,,,,,,3:23,,,Pennington
5,,,,,,,,,,,,,,,3:22,,,Pennington
5,,,,,,,,,,,,,,,3:21,,,Pennington
5,,,,,,,,,,,,,,,3:20,,,Pennington
5,,,,,,,,,,,,,,,3:19,,,Pennington
5,,,,,,,,,,,,,,,3:18,,,Pennington
5,,,,,,,,,,,,,,,3:17,,,Pennington
5,,,,,,,,,,,,,,,3:16,,,Pennington
5,,,,,,,,,,,,,,,3:15,,,Pennington
5,,,,,,,,,,,,,,,3:14,,,Pennington
5,,,,,,,,,,,,,,,3:13,,,Pennington
5,,,,,,,,,,,,,,,3:12,,,Pennington
5,,,,,,,,,,,,,,,3:11,,,Pennington
5,,,,,,,,,,,,,,,3:10,,,Pennington
5,,,,,,,,,,,,,,,3:09,,,Pennington
5,,,,,,,,,,,,,,,3:08,,,Pennington
5,,,,,,,,,,,,,,,3:07,,,Pennington
5,,,,,,,,,,,,,,,3:06,,,Pennington
5,,,,,,,,,,,,,,,3:05,,,Pennington
5,,,,,,,,,,,,,,,3:04,,,Pennington
5,,,,,,,,,,,,,,,3:03,,,Pennington
5,,,,,,,,,,,,,,,3:02,,,Pennington
5,,,,,,,,,,,,,,,3:01,,,Pennington
5,,,,,,,,,,,,,,,3:00,,,Pennington
5,,,,,,,,,,,,,,,2:59,,,Pennington
5,,,,,,,,,,,,,,,2:58,,,Pennington
5,,,,,,,,,,,,,,,2:57,,,Pennington
5,,,,,,,,,,,,,,,2:56,,,Pennington
5,,,,,,,,,,,,,,,2:55,,,Pennington
5,,,,,,,,,,,,,,,2:54,,,Pennington
5,,,,,,,,,,,,,,,2:53,,,Pennington
5,,,,,,,,,,,,,,,2:52,,,Pennington
5,,,,,,,,,,,,,,,2:51,,,Pennington
5,,,,,,,,,,,,,,,2:50,,,Pennington
5,,,,,,,,,,,,,,,2:49,,,Pennington
5,,,,,,,,,,,,,,,2:48,,,Pennington
5,,,,,,,,,,,,,,,2:47,,,Pennington
5,,,,,,,,,,,,,,,2:46,,,Pennington
5,,,,,,,,,,,,,,,2:45,,,Pennington
5,,,,,,,,,,,,,,,2:44,,,Pennington
5,,,,,,,,,,,,,,,2:43,,,Pennington
5,,,,,,,,,,,,,,,2:42,,,Pennington
5,,,,,,,,,,,,,,,2:41,,,Pennington
5,,,,,,,,,,,,,,,2:40,,,Pennington
5,,,,,,,,,,,,,,,2:39,,,Pennington
5,,,,,,,,,,,,,,,2:38,,,Pennington
5,,,,,,,,,,,,,,,2:37,,,Pennington
5,,,,,,,,,,,,,,,2:36,,,Pennington
5,,,,,,,,,,,,,,,2:35,,,Pennington
5,,,,,,,,,,,,,,,2:34,,,Pennington
5,,,,,,,,,,,,,,,2:33,,,Pennington
5,,,,,,,,,,,,,,,2:32,,,Pennington
5,,,,,,,,,,,,,,,2:31,,,Pennington
5,,,,,,,,,,,,,,,2:30,,,Pennington
5,,,,,,,,,,,,,,,2:29,,,Pennington
5,,,,,,,,,,,,,,,2:28,,,Pennington
5,,,,,,,,,,,,,,,2:27,,,Pennington
5,,,,,,,,,,,,,,,2:26,,,Pennington
5,,,,,,,,,,,,,,,2:25,,,Pennington
5,,,,,,,,,,,,,,,2:24,,,Pennington
5,,,,,,,,,,,,,,,2:23,,,Pennington
5,,,,,,,,,,,,,,,2:22,,,Pennington
5,,,,,,,,,,,,,,,2:21,,,Pennington
5,,,,,,,,,,,,,,,2:20,,,Pennington
5,,,,,,,,,,,,,,,2:19,,,Pennington
5,,,,,,,,,,,,,,,2:18,,,Pennington
5,,,,,,,,,,,,,,,2:17,,,Pennington
5,,,,,,,,,,,,,,,2:16,,,Pennington
5,,,,,,,,,,,,,,,2:15,,,Pennington
5,,,,,,,,,,,,,,,2:14,,,Pennington
5,,,,,,,,,,,,,,,2:13,,,Pennington
5,,,,,,,,,,,,,,,2:12,,,Pennington
5,,,,,,,,,,,,,,,2:11,,,Pennington
5,,,,,,,,,,,,,,,2:10,,,Pennington
5,,,,,,,,,,,,,,,2:09,,,Pennington
5,,,,,,,,,,,,,,,2:08,,,Pennington
5,,,,,,,,,,,,,,,2:07,,,Pennington
5,,,,,,,,,,,,,,,2:06,,,Pennington
5,,,,,,,,,,,,,,,2:05,,,Pennington
5,,,,,,,,,,,,,,,2:04,,,Pennington
5,,,,,,,,,,,,,,,2:03,,,Pennington
5,,,,,,,,,,,,,,,2:02,,,Pennington
5,,,,,,,,,,,,,,,2:01,,,Pennington
5,,,,,,,,,,,,,,,2:00,,,Pennington
5,,,,,,,,,,,,,,,1:59,,,Pennington
5,,,,,,,,,,,,,,,1:58,,,Pennington
5,,,,,,,,,,,,,,,1:57,,,Pennington
5,,,,,,,,,,,,,,,1:56,,,Pennington
5,,,,,,,,,,,,,,,1:55,,,Pennington
5,,,,,,,,,,,,,,,1:54,,,Pennington
5,,,,,,,,,,,,,,,1:53,,,Pennington
5,,,,,,,,,,,,,,,1:52,,,Pennington
5,,,,,,,,,,,,,,,1:51,,,Pennington
5,,,,,,,,,,,,,,,1:50,,,Pennington
5,,,,,,,,,,,,,,,1:49,,,Pennington
5,,,,,,,,,,,,,,,1:48,,,Pennington
5,,,,,,,,,,,,,,,1:47,,,Pennington
5,,,,,,,,,,,,,,,1:46,,,Pennington
5,,,,,,,,,,,,,,,1:45,,,Pennington
5,,,,,,,,,,,,,,,1:44,,,Pennington
5,,,,,,,,,,,,,,,1:43,,,Pennington
5,,,,,,,,,,,,,,,1:42,,,Pennington
5,,,,,,,,,,,,,,,1:41,,,Pennington
5,,,,,,,,,,,,,,,1:40,,,Pennington
5,,,,,,,,,,,,,,,1:39,,,Pennington
5,,,,,,,,,,,,,,,1:38,,,Pennington
5,,,,,,,,,,,,,,,1:37,,,Pennington
5,,,,,,,,,,,,,,,1:36,,,Pennington
5,,,,,,,,,,,,,,,1:35,,,Pennington
5,,,,,,,,,,,,,,,1:34,,,Pennington
5,,,,,,,,,,,,,,,1:33,,,Pennington
5,,,,,,,,,,,,,,,1:32,,,Pennington
5,,,,,,,,,,,,,,,1:31,,,Pennington
5,,,,,,,,,,,,,,,1:30,,,Pennington
5,,,,,,,,,,,,,,,1:29,,,Pennington
5,,,,,,,,,,,,,,,1:28,,,Pennington
5,,,,,,,,,,,,,,,1:27,,,Pennington
5,,,,,,,,,,,,,,,1:26,,,Pennington
5,,,,,,,,,,,,,,,1:25,,,Pennington
5,,,,,,,,,,,,,,,1:24,,,Pennington
5,,,,,,,,,,,,,,,1:23,,,Pennington
5,,,,,,,,,,,,,,,1:22,,,Pennington
5,,,,,,,,,,,,,,,1:21,,,Pennington
5,,,,,,,,,,,,,,,1:20,,,Pennington
5,,,,,,,,,,,,,,,1:19,,,Pennington
5,,,,,,,,,,,,,,,1:18,,,Pennington
5,,,,,,,,,,,,,,,1:17,,,Pennington
5,,,,,,,,,,,,,,,1:16,,,Pennington
5,,,,,,,,,,,,,,,1:15,,,Pennington
5,,,,,,,,,,,,,,,1:14,,,Pennington
5,,,,,,,,,,,,,,,1:13,,,Pennington
5,,,,,,,,,,,,,,,1:12,,,Pennington
5,,,,,,,,,,,,,,,1:11,,,Pennington
5,,,,,,,,,,,,,,,1:10,,,Pennington
5,,,,,,,,,,,,,,,1:09,,,Pennington
5,,,,,,,,,,,,,,,1:08,,,Pennington
5,,,,,,,,,,,,,,,1:07,,,Pennington
5,,,,,,,,,,,,,,,1:06,,,Pennington
5,,,,,,,,,,,,,,,1:05,,,Pennington
5,,,,,,,,,,,,,,,1:04,,,Pennington
5,,,,,,,,,,,,,,,1:03,,,Pennington
5,,,,,,,,,,,,,,,1:02,,,Pennington
5,,,,,,,,,,,,,,,1:01,,,Pennington
5,,,,,,,,,,,,,,,1:00,,,Pennington
5,,,,,,,,,,,,,,,0:59,,,Pennington
5,,,,,,,,,,,,,,,0:58,,,Pennington
5,,,,,,,,,,,,,,,0:57,,,Pennington
5,,,,,,,,,,,,,,,0:56,,,Pennington
5,,,,,,,,,,,,,,,0:55,,,Pennington
5,,,,,,,,,,,,,,,0:54,,,Pennington
5,,,,,,,,,,,,,,,0:53,,,Pennington
5,,,,,,,,,,,,,,,0:52,,,Pennington
5,,,,,,,,,,,,,,,0:51,,,Pennington
5,,,,,,,,,,,,,,,0:50,,,Pennington
5,,,,,,,,,,,,,,,0:49,,,Pennington
5,,,,,,,,,,,,,,,0:48,,,Pennington
5,,,,,,,,,,,,,,,0:47,,,Pennington
5,,,,,,,,,,,,,,,0:46,,,Pennington
5,,,,,,,,,,,,,,,0:45,,,Pennington
5,,,,,,,,,,,,,,,0:44,,,Pennington
5,,,,,,,,,,,,,,,0:43,,,Pennington
5,,,,,,,,,,,,,,,0:42,,,Pennington
5,,,,,,,,,,,,,,,0:41,,,Pennington
5,,,,,,,,,,,,,,,0:40,,,Pennington
5,,,,,,,,,,,,,,,0:39,,,Pennington
5,,,,,,,,,,,,,,,0:38,,,Pennington
5,,,,,,,,,,,,,,,0:37,,,Pennington
5,,,,,,,,,,,,,,,0:36,,,Pennington
5,,,,,,,,,,,,,,,0:35,,,Pennington
5,,,,,,,,,,,,,,,0:34,,,Pennington
5,,,,,,,,,,,,,,,0:33,,,Pennington
5,,,,,,,,,,,,,,,0:32,,,Pennington
5,,,,,,,,,,,,,,,0:31,,,Pennington
5,,,,,,,,,,,,,,,0:30,,,Pennington
5,,,,,,,,,,,,,,,0:29,,,Pennington
5,,,,,,,,,,,,,,,0:28,,,Pennington
5,,,,,,,,,,,,,,,0:27,,,Pennington
5,,,,,,,,,,,,,,,0:26,,,Pennington
5,,,,,,,,,,,,,,,0:25,,,Pennington
5,,,,,,,,,,,,,,,0:24,,,Pennington
5,,,,,,,,,,,,,,,0:23,,,Pennington
5,,,,,,,,,,,,,,,0:22,,,Pennington
5,,,,,,,,,,,,,,,0:21,,,Pennington
5,,,,,,,,,,,,,,,0:20,,,Pennington
5,,,,,,,,,,,,,,,0:19,,,Pennington
5,,,,,,,,,,,,,,,0:18,,,Pennington
5,,,,,,,,,,,,,,,0:17,,,Pennington
5,,,,,,,,,,,,,,,0:16,,,Pennington
5,,,,,,,,,,,,,,,0:15,,,Pennington
5,,,,,,,,,,,,,,,0:14,,,Pennington
5,,,,,,,,,,,,,,,0:13,,,Pennington
5,,,,,,,,,,,,,,,0:12,,,Pennington
5,,,,,,,,,,,,,,,0:11,,,Pennington
5,,,,,,,,,,,,,,,0:10,,,Pennington
5,,,,,,,,,,,,,,,0:09,,,Pennington
5,,,,,,,,,,,,,,,0:08,,,Pennington
5,,,,,,,,,,,,,,,0:07,,,Pennington
5,,,,,,,,,,,,,,,0:06,,,Pennington
5,,,,,,,,,,,,,,,0:05,,,Pennington
5,,,,,,,,,,,,,,,0:04,,,Pennington
5,,,,,,,,,,,,,,,0:03,,,Pennington
5,,,,,,,,,,,,,,,0:02,,,Pennington
5,,,,,,,,,,,,,,,0:01,,,Pennington
5,,,,,,,,,,,,,,,0:00,,,Pennington
