Round,SecondsIntoRound,SecondsLastRoundAction,cmTotHitsR-X1,cmTotHitsL-X1,cmTotHitsM-X1,Hits-Recvd-X1,Hits-Lnd-X1,Hits-Mssd-X1,cmTotHitsR-X2,cmTotHitsL-X2,cmTotHitsM-X2,Hits-Recvd-X2,Hits-Lnd-X2,Hits-Mssd-X2,Time,FighterActionReactions.X1,FightersActionsReactions.X2,Notes
1,,,,,,,,,,,,,,,5:00,,,Tate
1,,,,,,,,,,,,,,,4:59,,,Tate
1,,,,,,,,,,,,,,,4:58,,,Tate
1,,,,,,,,,,,,,,,4:57,,,Tate
1,,,,,,,,,,,,,,,4:56,,,Tate
1,,,,,,,,,,,,,,,4:55,,,Tate
1,,,,,,,,,,,,,,,4:54,,,Tate
1,,,,,,,,,,,,,,,4:53,,,Tate
1,,,,,,,,,,,,,,,4:52,,,Tate
1,,,,,,,,,,,,,,,4:51,,,Tate
1,,,,,,,,,,,,,,,4:50,,misses R push kick,Tate
1,,,,,,,,,,,,,,,4:49,,,Tate
1,,,,,,,,,,,,,,,4:48,,,Tate
1,,,,,,,,,,,,,,,4:47,,,Tate
1,,,,,,,,,,,,,,,4:46,,misses R cross to face,Tate
1,,,,,,,,,,,,,,,4:45,,,Tate
1,,,,,,,,,,,,,,,4:44,,,Tate
1,,,,,,,,,,,,,,,4:43,misses L jab,,Tate
1,,,,,,,,,,,,,,,4:42,,,Tate
1,,,,,,,,,,,,,,,4:41,misses R mt kick to low L lead leg,,Tate
1,,,,,,,,,,,,,,,4:40,,,Tate
1,,,,,,,,,,,,,,,4:39,,,Tate
1,,,,,,,,,,,,,,,4:38,,,Tate
1,,,,,,,,,,,,,,,4:37,,,Tate
1,,,,,,,,,,,,,,,4:36,,,Tate
1,,,,,,,,,,,,,,,4:35,,,Tate
1,,,,,,,,,,,,,,,4:34,,,Tate
1,,,,,,,,,,,,,,,4:33,,,Tate
1,,,,,,,,,,,,,,,4:32,,,Tate
1,,,,,,,,,,,,,,,4:31,,,Tate
1,,,,,,,,,,,,,,,4:30,,,Tate
1,,,,,,,,,,,,,,,4:29,,,Tate
1,,,,,,,,,,,,,,,4:28,,,Tate
1,,,,,,,,,,,,,,,4:27,,,Tate
1,,,,,,,,,,,,,,,4:26,,,Tate
1,,,,,,,,,,,,,,,4:25,,,Tate
1,,,,,,,,,,,,,,,4:24,,,Tate
1,,,,,,,,,,,,,,,4:23,,,Tate
1,,,,,,,,,,,,,,,4:22,,misses L jab,Tate
1,,,,,,,,,,,,,,,4:21,misses R mt kick to low L lead leg,,Tate
1,,,,,,,,,,,,,,,4:20,,,Tate
1,,,,,,,,,,,,,,,4:19,,,Tate
1,,,,,,,,,,,,,,,4:18,,misses L jab,Tate
1,,,,,,,,,,,,,,,4:17,,,Tate
1,,,,,,,,,,,,,,,4:16,,,Tate
1,,,,,,,,,,,,,,,4:15,,,Tate
1,,,,,,,,,,,,,,,4:14,,,Tate
1,,,,,,,,,,,,,,,4:13,,,Tate
1,,,,,,,,,,,,,,,4:12,,,Tate
1,,,,,,,,,,,,,,,4:11,,misses L mt kick inside L leg,Tate
1,,,,,,,,,,,,,,,4:10,,,Tate
1,,,,,,,,,,,,,,,4:09,,,Tate
1,,,,,,,,,,,,,,,4:08,,,Tate
1,,,,,,,,,,,,,,,4:07,,,Tate
1,,,,,,,,,,,,,,,4:06,,,Tate
1,,,,,,,,,,,,,,,4:05,,,Tate
1,,,,,,,,,,,,,,,4:04,misses L jab,,Tate
1,,,,,,,,,,,,,,,4:03,,,Tate
1,,,,,,,,,,,,,,,4:02,,,Tate
1,,,,,,,,,,,,,,,4:01,,,Tate
1,,,,,,,,,,,,,,,4:00,misses R mt kick to low L lead leg,attempts one leg takedown,Tate
1,,,,,,,,,,,,,,,3:59,,lands one leg takedown,Tate
1,,,,,,,,,,,,,,,3:58,,,Tate
1,,,,,,,,,,,,,,,3:57,gets up out of takedown,,Tate
1,,,,,,,,,,,,,,,3:56,,,Tate
1,,,,,,,,,,,,,,,3:55,,tries for L leg takedown,Tate
1,,,,,,,,,,,,,,,3:54,,,Tate
1,,,,,,,,,,,,,,,3:53,,,Tate
1,,,,,,,,,,,,,,,3:52,,"misses R knee, fails takedown",Tate
1,,,,,,,,,,,,,,,3:51,misses R cross to face,,Tate
1,,,,,,,,,,,,,,,3:50,,,Tate
1,,,,,,,,,,,,,,,3:49,,,Tate
1,,,,,,,,,,,,,,,3:48,,,Tate
1,,,,,,,,,,,,,,,3:47,misses R mt kick to low L lead leg,,Tate
1,,,,,,,,,,,,,,,3:46,,,Tate
1,,,,,,,,,,,,,,,3:45,,,Tate
1,,,,,,,,,,,,,,,3:44,,,Tate
1,,,,,,,,,,,,,,,3:43,,,Tate
1,,,,,,,,,,,,,,,3:42,,,Tate
1,,,,,,,,,,,,,,,3:41,,,Tate
1,,,,,,,,,,,,,,,3:40,,,Tate
1,,,,,,,,,,,,,,,3:39,,,Tate
1,,,,,,,,,,,,,,,3:38,,,Tate
1,,,,,,,,,,,,,,,3:37,,,Tate
1,,,,,,,,,,,,,,,3:36,,,Tate
1,,,,,,,,,,,,,,,3:35,,,Tate
1,,,,,,,,,,,,,,,3:34,,,Tate
1,,,,,,,,,,,,,,,3:33,,,Tate
1,,,,,,,,,,,,,,,3:32,,,Tate
1,,,,,,,,,,,,,,,3:31,,,Tate
1,,,,,,,,,,,,,,,3:30,,,Tate
1,,,,,,,,,,,,,,,3:29,,,Tate
1,,,,,,,,,,,,,,,3:28,misses R cross to face,goes for takedown at waist,Tate
1,,,,,,,,,,,,,,,3:27,,,Tate
1,,,,,,,,,,,,,,,3:26,,fails takedown,Tate
1,,,,,,,,,,,,,,,3:25,,,Tate
1,,,,,,,,,,,,,,,3:24,,,Tate
1,,,,,,,,,,,,,,,3:23,,,Tate
1,,,,,,,,,,,,,,,3:22,,,Tate
1,,,,,,,,,,,,,,,3:21,,,Tate
1,,,,,,,,,,,,,,,3:20,,,Tate
1,,,,,,,,,,,,,,,3:19,,,Tate
1,,,,,,,,,,,,,,,3:18,misses R cross to face,"misses L jab, goes for waist takedown",Tate
1,,,,,,,,,,,,,,,3:17,,,Tate
1,,,,,,,,,,,,,,,3:16,,,Tate
1,,,,,,,,,,,,,,,3:15,lands body throw takedown gets up,on floor reaching,Tate
1,,,,,,,,,,,,,,,3:14,,,Tate
1,,,,,,,,,,,,,,,3:13,misses illegal right knee to the face,gets up from floor,Tate
1,,,,,,,,,,,,,,,3:12,,,Tate
1,,,,,,,,,,,,,,,3:11,,,Tate
1,,,,,,,,,,,,,,,3:10,,,Tate
1,,,,,,,,,,,,,,,3:09,,,Tate
1,,,,,,,,,,,,,,,3:08,,,Tate
1,,,,,,,,,,,,,,,3:07,,,Tate
1,,,,,,,,,,,,,,,3:06,,,Tate
1,,,,,,,,,,,,,,,3:05,misses L jab,misses R cross to face,Tate
1,,,,,,,,,,,,,,,3:04,"misses L jab, misses R cross to face",ducks,Tate
1,,,,,,,,,,,,,,,3:03,,,Tate
1,,,,,,,,,,,,,,,3:02,,,Tate
1,,,,,,,,,,,,,,,3:01,,,Tate
1,,,,,,,,,,,,,,,3:00,misses R cross to face,lands L push kick to body,Tate
1,,,,,,,,,,,,,,,2:59,,,Tate
1,,,,,,,,,,,,,,,2:58,,,Tate
1,,,,,,,,,,,,,,,2:57,,,Tate
1,,,,,,,,,,,,,,,2:56,,,Tate
1,,,,,,,,,,,,,,,2:55,,,Tate
1,,,,,,,,,,,,,,,2:54,,,Tate
1,,,,,,,,,,,,,,,2:53,,,Tate
1,,,,,,,,,,,,,,,2:52,,,Tate
1,,,,,,,,,,,,,,,2:51,,,Tate
1,,,,,,,,,,,,,,,2:50,misses L jab,misses L jab,Tate
1,,,,,,,,,,,,,,,2:49,lands R cross,misses R cross to face,Tate
1,,,,,,,,,,,,,,,2:48,,,Tate
1,,,,,,,,,,,,,,,2:47,misses R cross to face,,Tate
1,,,,,,,,,,,,,,,2:46,misses R cross to face,,Tate
1,,,,,,,,,,,,,,,2:45,,,Tate
1,,,,,,,,,,,,,,,2:44,misses R cross to face,,Tate
1,,,,,,,,,,,,,,,2:43,,,Tate
1,,,,,,,,,,,,,,,2:42,"misses L jab to face, ducks to avoid body takedown from missed L jab",misses L jab to face,Tate
1,,,,,,,,,,,,,,,2:41,,,Tate
1,,,,,,,,,,,,,,,2:40,misses R cross to face,,Tate
1,,,,,,,,,,,,,,,2:39,,,Tate
1,,,,,,,,,,,,,,,2:38,,,Tate
1,,,,,,,,,,,,,,,2:37,,,Tate
1,,,,,,,,,,,,,,,2:36,misses L jab,,Tate
1,,,,,,,,,,,,,,,2:35,,,Tate
1,,,,,,,,,,,,,,,2:34,lands R cross to face,misses L jab and ducks,Tate
1,,,,,,,,,,,,,,,2:33,misses R cross to face,,Tate
1,,,,,,,,,,,,,,,2:32,lands L hook to face,holding arms up,Tate
1,,,,,,,,,,,,,,,2:31,misses R cross to face,holding arms up,Tate
1,,,,,,,,,,,,,,,2:30,,,Tate
1,,,,,,,,,,,,,,,2:29,,stumbles to ground moving backward,Tate
1,,,,,,,,,,,,,,,2:28,lands R cross,on ground trying to stand,Tate
1,,,,,,,,,,,,,,,2:27,lands L upper to face,stands up blocking face,Tate
1,,,,,,,,,,,,,,,2:26,"misses R upper to face, misses R upper to face",blocking hits with arms guarding face,Tate
1,,,,,,,,,,,,,,,2:25,,,Tate
1,,,,,,,,,,,,,,,2:24,,,Tate
1,,,,,,,,,,,,,,,2:23,lands L knee to face,,Tate
1,,,,,,,,,,,,,,,2:22,,,Tate
1,,,,,,,,,,,,,,,2:21,"misses L jab, misses R cross to face",guarding face with arms standing blocking hits,Tate
1,,,,,,,,,,,,,,,2:20,,,Tate
1,,,,,,,,,,,,,,,2:19,lands L jab to face,misses L push kick,Tate
1,,,,,,,,,,,,,,,2:18,misses R cross to face,guarding face with arms standing blocking hits,Tate
1,,,,,,,,,,,,,,,2:17,,,Tate
1,,,,,,,,,,,,,,,2:16,misses R mt kick to inside R leg,,Tate
1,,,,,,,,,,,,,,,2:15,"lands L jab to face, lands R cross to face",holding arms up,Tate
1,,,,,,,,,,,,,,,2:14,,,Tate
1,,,,,,,,,,,,,,,2:13,,,Tate
1,,,,,,,,,,,,,,,2:12,,,Tate
1,,,,,,,,,,,,,,,2:11,misses R cross to face,"dives for takedown, ends up on ground",Tate
1,,,,,,,,,,,,,,,2:10,,,Tate
1,,,,,,,,,,,,,,,2:09,,,Tate
1,,,,,,,,,,,,,,,2:08,,,Tate
1,,,,,,,,,,,,,,,2:07,,,Tate
1,,,,,,,,,,,,,,,2:06,,,Tate
1,,,,,,,,,,,,,,,2:05,,,Tate
1,,,,,,,,,,,,,,,2:04,,,Tate
1,,,,,,,,,,,,,,,2:03,,,Tate
1,,,,,,,,,,,,,,,2:02,,,Tate
1,,,,,,,,,,,,,,,2:01,,,Tate
1,,,,,,,,,,,,,,,2:00,lands 2 hammer hits R face on top back,on ground,Tate
1,,,,,,,,,,,,,,,1:59,lands 2 hammer hits L face on top back,on ground,Tate
1,,,,,,,,,,,,,,,1:58,,,Tate
1,,,,,,,,,,,,,,,1:57,,,Tate
1,,,,,,,,,,,,,,,1:56,lands 2 hammer hits L face on top back,,Tate
1,,,,,,,,,,,,,,,1:55,,,Tate
1,,,,,,,,,,,,,,,1:54,,,Tate
1,,,,,,,,,,,,,,,1:53,,,Tate
1,,,,,,,,,,,,,,,1:52,,,Tate
1,,,,,,,,,,,,,,,1:51,,,Tate
1,,,,,,,,,,,,,,,1:50,lands RNC,,Tate
1,,,,,,,,,,,,,,,1:49,,,Tate
1,,,,,,,,,,,,,,,1:48,flips on back w RNC,,Tate
1,,,,,,,,,,,,,,,1:47,,,Tate
1,,,,,,,,,,,,,,,1:46,,taps out,Tate
